Datetime,Tweet ID,Username,Text,Links,URL
2014-01-11 23:05:55+00:00,422142357425754112,KEYCNewsNow,"A second-major cyber attack that has happened. And just like with Target Corporation, luxury retailer Neiman... http://t.co/OnbU4AqYIH",http://fb.me/1irgBOQAU,https://twitter.com/KEYCNewsNow/status/422142357425754112
2014-01-11 18:30:22+00:00,422073012238565376,m_cof,Neiman Marcus is second big U.S. retailer to acknowledge a cyberattack recently following a similar breach at Target http://t.co/PWIERNyjuB,http://on.mktw.net/JPTnfQ,https://twitter.com/m_cof/status/422073012238565376
2014-01-11 18:30:22+00:00,422073012070805505,MarketWatch,Neiman Marcus is second big U.S. retailer to acknowledge a cyberattack recently following a similar breach at Target http://t.co/gyWvtjWy4Z,http://on.mktw.net/JPTnfQ,https://twitter.com/MarketWatch/status/422073012070805505
2014-01-11 17:25:06+00:00,422056587050508288,stevenfoley,Target v. ObamaCare on transparency: Target was the target of a very sophisticated cyber attack before C... http://t.co/9aTqwQ2nF0 #tcot,http://bit.ly/JQ1uJz,https://twitter.com/stevenfoley/status/422056587050508288
2014-01-11 17:25:05+00:00,422056583359504384,Liber8R2,Target v. ObamaCare on transparency: Target was the target of a very sophisticated cyber attack before C... http://t.co/GMLpUVAJTG #tcot,http://bit.ly/JQ1uJz,https://twitter.com/Liber8R2/status/422056583359504384
2014-01-11 15:30:02+00:00,422027628594229248,eCoreTechnoS,#eCore #HT : Additional 70M Target Customers Affected In December #Cyberattack... http://t.co/CDmiAZj4Il  | #InfoSec,http://HackingTechnologies.com/OJTFWUFQ,https://twitter.com/eCoreTechnoS/status/422027628594229248
2014-01-11 13:42:04+00:00,422000460325978112,GoogleRogue,"Yikes: Retailer Neiman Marcus also hit by cyber attack, customer data stolen On the heels of Target's major dat... http://t.co/rbnGcN4qnv",http://ift.tt/1c3TquR,https://twitter.com/GoogleRogue/status/422000460325978112
2014-01-11 12:16:18+00:00,421978875950661632,hookbill,It seems to me that Target has attempted to minimize the amount of damage caused by its cyber attack.  I want my credit protection today!,,https://twitter.com/hookbill/status/421978875950661632
2014-01-11 07:07:24+00:00,421901139047481344,CBSNewsRadio,Target: Massive cyberattack suffered during the holiday season may have affected an additional 70 million customers http://t.co/Dw0cHZIp6G,http://bit.ly/cbsnewscast,https://twitter.com/CBSNewsRadio/status/421901139047481344
2014-01-11 04:21:03+00:00,421859272595492864,ChrisIglesias,Neiman Marcus target of possible cyber attack http://t.co/Vty3A45YCo,http://fb.me/VlgqeOkD,https://twitter.com/ChrisIglesias/status/421859272595492864
2014-01-11 04:18:40+00:00,421858673409785856,WFLA,"#BREAKING: @neimanmarcus target of 'possible cyber attack'; customer credit card info compromised.
http://t.co/C6S6BGntwx",http://8.wfla.com/1dl7434,https://twitter.com/WFLA/status/421858673409785856
2014-01-11 03:18:46+00:00,421843600113012737,NewsByNight,"Cyber attack: As many as 110M @Target customers may have been affected by last month's #data #breach, company says: http://t.co/tsNxrLp9kH",http://bit.ly/19jogoA,https://twitter.com/NewsByNight/status/421843600113012737
2014-01-11 03:06:04+00:00,421840405500395520,CBSNewsRadio,Target said the massive cyber-attack it suffered may have affected an additional 70 million customers. http://t.co/Dw0cHZIp6G,http://bit.ly/cbsnewscast,https://twitter.com/CBSNewsRadio/status/421840405500395520
2014-01-11 00:22:13+00:00,421799169599078401,BusinessTimes,Target boosts data breach toll as prosecutors launch probe http://t.co/qitRaxVtxV #Target #hacking #theft #cyberattack,http://www.btd.sg/1eo5Na2,https://twitter.com/BusinessTimes/status/421799169599078401
2014-01-10 22:44:46+00:00,421774644362760192,redgehomes,State prosecutors announced a nationwide probe into Target's cyber attack; reports of fraudulent charges rising.  http://t.co/tTQMtKy7JA,http://yhoo.it/JOaz5v,https://twitter.com/redgehomes/status/421774644362760192
2014-01-10 22:37:23+00:00,421772787452096512,YahooFinance,State prosecutors announced a nationwide probe into Target's cyber attack; reports of fraudulent charges rising. $TGT http://t.co/1fnj0s1JgX,http://yhoo.it/JOaz5v,https://twitter.com/YahooFinance/status/421772787452096512
2014-01-10 20:35:37+00:00,421742143623806977,JayneRReardon,And the @Target privacy breach issue continues-- http://t.co/4kfJU9snjv via @ReutersLegal #cyberattack,http://www.reuters.com/article/2014/01/10/target-breach-idUSL3N0KK3Y020140110,https://twitter.com/JayneRReardon/status/421742143623806977
2014-01-10 16:30:29+00:00,421680455403180032,RosaAlonsoDigi,Target reports additional 70 million users affected by cyber attack / Target reporta que 70 millones de usuarios... http://t.co/AxnoGZ8oaD,http://fb.me/6wuYpaddF,https://twitter.com/RosaAlonsoDigi/status/421680455403180032
2014-01-10 15:16:01+00:00,421661715517149184,SeanFlaim,"In fact, if one really thinks about it, why select Target as the focus of a cyberattack? The Willie Sutton rule: that's where the data is.",,https://twitter.com/SeanFlaim/status/421661715517149184
2014-01-10 14:07:35+00:00,421644490852401152,BerlinerSpeaks,Target now admits more than 70 million people may have had their personal info stolen in cyber attack. #oops,,https://twitter.com/BerlinerSpeaks/status/421644490852401152
2014-01-10 00:03:20+00:00,421432028379508736,TomGarcia_IS,"Websites &amp; web applications are one of, if not the leading target of cyber-attack.  http://t.co/fjC7e9lbrx",http://ow.ly/oAT98,https://twitter.com/TomGarcia_IS/status/421432028379508736
2014-01-10 00:03:19+00:00,421432027762929664,InfoSight,"Websites &amp; web applications are one of, if not the leading target of cyber-attack.  http://t.co/tOQehV9E7j",http://ow.ly/oAT92,https://twitter.com/InfoSight/status/421432027762929664
2014-01-09 22:16:22+00:00,421405112180150272,erinlwebb,Insurance implications of a cyberattack like the recent one involving Target:  http://t.co/wvvz4kDAdd,http://lnkd.in/dAqfa9t,https://twitter.com/erinlwebb/status/421405112180150272
2014-01-09 13:57:04+00:00,421279456494231552,7thclouds,But the sense of protection of youths is good. You can be misspelling if u were target of cyberattack &gt;@Independent: http://t.co/XPimhUJUS3”,http://ind.pn/1cRdbpy,https://twitter.com/7thclouds/status/421279456494231552
2014-01-08 23:15:34+00:00,421057619684769792,danmiami,Snapchat becomes target of widespread cyberattack http://t.co/hPz87fzCkY,http://fb.me/6Uo9nIct1,https://twitter.com/danmiami/status/421057619684769792
2014-01-08 21:45:48+00:00,421035032866615296,BarryDefense,@USNavy sailors @ @usmarines who used charge cards @Target during #cyber attack won't have any liability. Here's why: http://t.co/UzgJ6rxw3f,http://goo.gl/KC8d1D,https://twitter.com/BarryDefense/status/421035032866615296
2014-01-07 18:44:20+00:00,420626975288328192,TWiGFeed,UK Online Casino Target Of Cyber Attack http://t.co/NBbJrDIAyh,http://tinyurl.com/m9qs9bb,https://twitter.com/TWiGFeed/status/420626975288328192
2014-01-06 10:43:07+00:00,420143484574502913,TWiGFeed,UK Online Casino Target Of Cyber Attack http://t.co/NBbJrDIAyh,http://tinyurl.com/m9qs9bb,https://twitter.com/TWiGFeed/status/420143484574502913
2014-01-06 03:15:01+00:00,420030718261989376,HackingTechnos,#eCore #HT : Snapchat target of #Cyberattack - Lebanon Democrat... http://t.co/5p7bV0shQs  | #InfoSec,http://HackingTechnologies.com/CBHCojjF,https://twitter.com/HackingTechnos/status/420030718261989376
2014-01-06 01:34:37+00:00,420005451493691392,philipvictor,Snapchat target of cyberattack http://t.co/D5oCdOkBDI,http://lnkd.in/bqpHa2J,https://twitter.com/philipvictor/status/420005451493691392
2014-01-06 00:47:55+00:00,419993698189864960,TWiGFeed,UK Online Casino Target Of Cyber Attack http://t.co/NBbJrDIAyh,http://tinyurl.com/m9qs9bb,https://twitter.com/TWiGFeed/status/419993698189864960
2014-01-05 14:03:45+00:00,419831587014860801,octerionict,Snapchat becomes target of widespread cyberattack - http://t.co/wnhwACRaHX - #CYBER,http://hetnieuwsleesjehier.nl/cyber/?p=21241,https://twitter.com/octerionict/status/419831587014860801
2014-01-05 12:50:12+00:00,419813079333871616,PurposefulC,Hackers on Target: How worried should you be about the recent cyber attack on Target? http://t.co/yj3L1cEsCC,http://wp.me/pNn0V-cC,https://twitter.com/PurposefulC/status/419813079333871616
2014-01-05 12:50:12+00:00,419813078469849089,PurposefulC,Hackers on Target: How worried should you be about the recent cyber attack on Target? http://t.co/54cFUlzATo,http://fb.me/12Nl5MZcM,https://twitter.com/PurposefulC/status/419813078469849089
2014-01-05 06:45:14+00:00,419721232708554752,MatrixATD,Snapchat becomes target of widespread cyberattack - http://t.co/NXsepJf1uS http://t.co/mcbXxw3Hd9,http://latimes.com http://ow.ly/sh8up,https://twitter.com/MatrixATD/status/419721232708554752
2014-01-05 03:51:52+00:00,419677603566329856,EnnDai,X22: Current Economic Collapse News Brief – Ep 255 http://t.co/qdvDcMhcsb  USA China Guam Adobe Target Cyber attack P&amp;CBank Germany KBA Cars,http://x22report.com/,https://twitter.com/EnnDai/status/419677603566329856
2014-01-04 23:30:00+00:00,419611703492370432,TWiGFeed,UK Online Casino Target Of Cyber Attack http://t.co/NBbJrDIAyh,http://tinyurl.com/m9qs9bb,https://twitter.com/TWiGFeed/status/419611703492370432
2014-01-04 23:07:29+00:00,419606036828672000,octerionict,The New Target of Widespread Cyberattack:Snapchat! - http://t.co/PC7Y0NX1wJ - #CYBER,http://hetnieuwsleesjehier.nl/cyber/?p=21217,https://twitter.com/octerionict/status/419606036828672000
2014-01-04 22:24:46+00:00,419595286307430400,Sec_Cyber,Snapchat target of cyberattack http://t.co/ZOh4IDiDxI #cyber #security,http://bit.ly/1exUsSX,https://twitter.com/Sec_Cyber/status/419595286307430400
2014-01-04 20:47:47+00:00,419570878813179904,ayshataryam,#Snapchat target of cyberattack http://t.co/wULlEDGrXI,http://www.gulftoday.ae/portal/f643bce6-d200-4796-b001-469b781e5b94.aspx#.Ushq3w0YEnQ.twitter,https://twitter.com/ayshataryam/status/419570878813179904
2014-01-04 20:11:22+00:00,419561715009740800,gulftoday,Snapchat target of cyberattack http://t.co/rcw2U0tIBf,http://www.gulftoday.ae/portal/f643bce6-d200-4796-b001-469b781e5b94.aspx#.Ushq3w0YEnQ.twitter,https://twitter.com/gulftoday/status/419561715009740800
2014-01-03 23:01:02+00:00,419242023024345088,NickyBiebeer,Snapchat becomes target of widespread cyberattack http://t.co/RDBXnvpkCT,http://lat.ms/1evIfOO,https://twitter.com/NickyBiebeer/status/419242023024345088
2014-01-03 22:40:19+00:00,419236810024181760,TWiGFeed,UK Online Casino Target Of Cyber Attack http://t.co/NBbJrDIAyh,http://tinyurl.com/m9qs9bb,https://twitter.com/TWiGFeed/status/419236810024181760
2014-01-03 22:00:57+00:00,419226904311648256,ExterroFTK,Snapchat becomes target of widespread #cyberattack; proving not to be as secure as many thought. #fraudwatch http://t.co/LdCqdg69UU,http://ow.ly/sfLWm,https://twitter.com/ExterroFTK/status/419226904311648256
2014-01-03 20:30:34+00:00,419204159267553280,cfraser150,Snapchat becomes target of widespread cyberattack http://t.co/diRShkSJ7F,"http://www.latimes.com/business/la-fi-snapchat-hack-20140103,0,4067768.story",https://twitter.com/cfraser150/status/419204159267553280
2014-01-03 20:02:53+00:00,419197190155014144,MonkeyMan817,"Stock picks for the month of January: Target and John Deere. Target will bounce back from the cyber attack, be there to cash in.",,https://twitter.com/MonkeyMan817/status/419197190155014144
2014-01-03 18:48:25+00:00,419178450382229504,wilsonconews,News Update: Snapchat target of cyberattack - (MCT) – Days after being warned of a security weakness in its po... http://t.co/b0OlPlYj0W,http://ow.ly/2CCZQe,https://twitter.com/wilsonconews/status/419178450382229504
2014-01-03 18:48:25+00:00,419178450197676032,PaperboyFelkins,News Update: Snapchat target of cyberattack - (MCT) – Days after being warned of a security weakness in its po... http://t.co/loBlTqHc5s,http://ow.ly/2CCZQf,https://twitter.com/PaperboyFelkins/status/419178450197676032
2014-01-03 18:48:25+00:00,419178449975394304,WilsonNewsroom,News Update: Snapchat target of cyberattack - (MCT) – Days after being warned of a security weakness in its po... http://t.co/ADWPTAOobK,http://ow.ly/2CCZQg,https://twitter.com/WilsonNewsroom/status/419178449975394304
2014-01-03 17:50:38+00:00,419163908356997121,hampshirenews,SentinelSource - Snapchat becomes target of widespread cyberattack http://t.co/NvQbCh1AMA,http://ow.ly/2CCSi6,https://twitter.com/hampshirenews/status/419163908356997121
2014-01-03 17:20:41+00:00,419156374548131840,sal19,My 1st story of the 2014: Snapchat becomes target of widespread cyberattack - http://t.co/p6Y4MkiEnc w/@byAndreaChang #GoodWorkTeam!,http://lat.ms/1izjuXc,https://twitter.com/sal19/status/419156374548131840
2014-01-03 17:14:18+00:00,419154766326165504,LOLGOPMalarkey,Snapchat becomes target of widespread cyberattack http://t.co/hAd7lX9O2a,http://fb.me/3mFU0AnmJ,https://twitter.com/LOLGOPMalarkey/status/419154766326165504
2014-01-03 17:14:04+00:00,419154709275226113,LOLGOPMalarkey,Snapchat becomes target of widespread cyberattack http://t.co/sVPl2q0EY4,http://fb.me/ZBOuBbk1,https://twitter.com/LOLGOPMalarkey/status/419154709275226113
2014-01-03 16:07:45+00:00,419138020130844672,mollyhf,Snapchat becomes target of widespread cyberattack http://t.co/4VxSSeDTU3,"http://www.latimes.com/business/la-fi-snapchat-hack-20140103,0,4067768.story",https://twitter.com/mollyhf/status/419138020130844672
2014-01-03 15:54:03+00:00,419134569493712896,ChariseCMatthew,Snapchat becomes target of widespread cyberattack http://t.co/eyTzvsLSvA,"http://www.latimes.com/business/la-fi-snapchat-hack-20140103,0,4067768.story",https://twitter.com/ChariseCMatthew/status/419134569493712896
2014-01-03 14:39:22+00:00,419115774813286403,mike_puerto,Snapchat becomes target of widespread cyberattack http://t.co/dUg2k4aKZ1,"http://www.latimes.com/business/la-fi-snapchat-hack-20140103,0,4067768.story",https://twitter.com/mike_puerto/status/419115774813286403
2014-01-03 14:38:16+00:00,419115500480655360,ChasinCaroline,Snapchat becomes target of widespread cyberattack http://t.co/ES2696lsnE,"http://www.latimes.com/business/la-fi-snapchat-hack-20140103,0,4067768.story",https://twitter.com/ChasinCaroline/status/419115500480655360
2014-01-03 14:33:48+00:00,419114373802913792,MassicotteDavid,Snapchat becomes target of widespread cyberattack http://t.co/RTRQuIGXNh,http://lat.ms/1ixZVyu,https://twitter.com/MassicotteDavid/status/419114373802913792
2014-01-03 14:26:28+00:00,419112530389123072,LucasErratus,Snapchat becomes target of widespread cyberattack http://t.co/W8aeYFzKLG @latimes,http://j.mp/1iyX08F,https://twitter.com/LucasErratus/status/419112530389123072
2014-01-03 13:57:28+00:00,419105231398375424,uribe100,Snapchat becomes target of widespread cyberattack http://t.co/x1ZnVzQEJr,http://fb.me/6jbEA6MON,https://twitter.com/uribe100/status/419105231398375424
2014-01-03 12:49:56+00:00,419088235357552640,Setting4Success,#Setting4Success Snapchat becomes target of widespread cyberattack new HD http://t.co/YgsuPfQjVx #SocialMedia #News,http://ift.tt/1ats7KC,https://twitter.com/Setting4Success/status/419088235357552640
2014-01-03 12:42:19+00:00,419086319801737217,QD10,Snapchat becomes target of widespread cyberattack http://t.co/egrgjFLbcq #SnapChatHacked,"http://www.latimes.com/business/la-fi-snapchat-hack-20140103,0,4067768.story",https://twitter.com/QD10/status/419086319801737217
2014-01-03 11:20:06+00:00,419065629359218689,scoopna,Snapchat becomes target of widespread cyberattack http://t.co/hYd40GfWGt,http://me2.do/5b8Bi08t,https://twitter.com/scoopna/status/419065629359218689
2014-01-03 11:12:53+00:00,419063813678563330,netsecu,"Snapchat becomes target of widespread cyberattack - http://t.co/xlisNqb4wB (g), http://t.co/YN7oSnOcWX #security",http://latimes.com http://www.netsecu.org/i/bbf2dcf71,https://twitter.com/netsecu/status/419063813678563330
2014-01-03 10:20:07+00:00,419050534352334848,scoopna,Snapchat becomes target of widespread cyberattack http://t.co/3RlW6W2kGw,http://me2.do/5REZbwG2,https://twitter.com/scoopna/status/419050534352334848
2014-01-03 10:04:11+00:00,419046525767913472,KremlinPR,Snapchat becomes target of widespread cyberattack http://t.co/Wj4i0T4x8Y,http://wp.me/p2KnRJ-9qe,https://twitter.com/KremlinPR/status/419046525767913472
2014-01-03 10:01:07+00:00,419045751919239168,asylumthedotcom,Snapchat becomes target of widespread cyberattack - http://t.co/AQ0HS4Qrl1,http://asylumthe.com/?p=24859,https://twitter.com/asylumthedotcom/status/419045751919239168
2014-01-03 09:42:29+00:00,419041061466419200,Kelly_Camilleri,Snapchat becomes target of widespread cyberattack http://t.co/yOWE9gBKe1,"http://www.latimes.com/business/la-fi-snapchat-hack-20140103,0,4067768.story",https://twitter.com/Kelly_Camilleri/status/419041061466419200
2014-01-03 09:20:07+00:00,419035434543353856,scoopna,Snapchat becomes target of widespread cyberattack http://t.co/Sf2xrCMQ68,http://me2.do/GU5M2K0c,https://twitter.com/scoopna/status/419035434543353856
2014-01-03 09:00:13+00:00,419030424846077952,unbiased100,Snapchat becomes target of widespread cyberattack - Los Angeles Times  http://t.co/qKqmkvDumA,"http://news.google.com/news/url?sa=t&fd=R&usg=AFQjCNF6SkRXwGOKCM1q3nId3YnXHN53oA&url=http://www.latimes.com/business/la-fi-snapchat-hack-20140103,0,4067768.story?track%3Drss",https://twitter.com/unbiased100/status/419030424846077952
2014-01-03 08:33:50+00:00,419023786738864128,share4win,Snapchat becomes target of widespread cyberattack http://t.co/CMxoZAuvBZ,http://dlvr.it/4d6Tw3,https://twitter.com/share4win/status/419023786738864128
2014-01-03 08:20:06+00:00,419020330351333376,scoopna,Snapchat becomes target of widespread cyberattack http://t.co/SJavp2S2w2,http://me2.do/GPAe1koa,https://twitter.com/scoopna/status/419020330351333376
2014-01-03 07:32:11+00:00,419008270666182656,SEOrganics,Can you believe that the #snapchat was the target of the global cyberattack at #newyeareve? Find out here : http://t.co/I5vPPohCOC,http://lat.ms/1lE5lVM,https://twitter.com/SEOrganics/status/419008270666182656
2014-01-03 07:20:06+00:00,419005232769540097,scoopna,Snapchat becomes target of widespread cyberattack http://t.co/NwhWhWgGLx,http://me2.do/F1B3ZvCQ,https://twitter.com/scoopna/status/419005232769540097
2014-01-03 06:50:35+00:00,418997802409025536,newzadda,New post: Snapchat becomes target of widespread cyberattack http://t.co/RdXZuRgKP2,http://newsadda.info/snapchat-becomes-target-of-widespread-cyberattack/,https://twitter.com/newzadda/status/418997802409025536
2014-01-03 06:20:06+00:00,418990132486602752,scoopna,Snapchat becomes target of widespread cyberattack http://t.co/K2xyVUt495,http://me2.do/GbeaLlUr,https://twitter.com/scoopna/status/418990132486602752
2014-01-03 06:18:28+00:00,418989719394222080,mariam_game,Snapchat becomes target of widespread cyberattack - Los Angeles Times http://t.co/YRkUOBuYEq,http://ift.tt/JN5OIM,https://twitter.com/mariam_game/status/418989719394222080
2014-01-03 06:14:34+00:00,418988739692871680,DavidWmSheppard,News: Snapchat becomes target of widespread cyberattack - Los Angeles Times http://t.co/dKxQ5gp4B2,http://bit.ly/19O8Svq,https://twitter.com/DavidWmSheppard/status/418988739692871680
2014-01-03 06:03:15+00:00,418985889503924224,techhe_at,Snapchat becomes target of widespread cyberattack - http://t.co/3SS1MEJQ2I #tech,http://zpr.io/gmvK,https://twitter.com/techhe_at/status/418985889503924224
2014-01-03 06:00:04+00:00,418985088224092160,MorbidHeadlines,Snapchat becomes target of widespread cyberattack,,https://twitter.com/MorbidHeadlines/status/418985088224092160
2014-01-03 05:28:19+00:00,418977098233954304,Public_Reports,Snapchat became the target of a widespread cyberattack that affected millions of users http://t.co/7iKAsY7tO2,http://publicrecordsreport.com/,https://twitter.com/Public_Reports/status/418977098233954304
2014-01-03 05:26:06+00:00,418976543247835136,SATAngelTwitt,Snapchat became the target of a widespread cyberattack that affected millions of users http://t.co/sF5juSnwgX http://t.co/4lJPNKJtYc,"http://publicrecordsreport.com/ http://www.latimes.com/business/la-fi-snapchat-hack-20140103,0,4067768.story#ixzz2pIjag2CB",https://twitter.com/SATAngelTwitt/status/418976543247835136
2014-01-03 05:22:11+00:00,418975554537148417,budholly59,Snapchat becomes target of widespread cyberattack http://t.co/h7xmYAfGKy,"http://www.latimes.com/business/la-fi-snapchat-hack-20140103,0,4067768.story",https://twitter.com/budholly59/status/418975554537148417
2014-01-03 05:20:08+00:00,418975038922977280,scoopna,Snapchat becomes target of widespread cyberattack http://t.co/HIxwFo2iyP,http://me2.do/GkMYXfOh,https://twitter.com/scoopna/status/418975038922977280
2014-01-03 05:04:01+00:00,418970984553517056,greenpwrmonitor,Snapchat becomes target of widespread cyberattack - Los Angeles Times http://t.co/4FqEDqMY2z,http://wp.me/p48nDl-14Y,https://twitter.com/greenpwrmonitor/status/418970984553517056
2014-01-03 05:03:25+00:00,418970835119247361,jonomar81,Snapchat becomes target of widespread cyberattack - Los Angeles Times http://t.co/zb2U2fAPDR,http://ift.tt/1cMnRtU,https://twitter.com/jonomar81/status/418970835119247361
2014-01-03 04:57:02+00:00,418969227572166656,whatisseo1,New post: Snapchat becomes target of widespread cyberattack - Los Angeles Times http://t.co/3s58zcbrqK,http://whatisseox.com/snapchat-becomes-target-of-widespread-cyberattack-los-angeles-times/,https://twitter.com/whatisseo1/status/418969227572166656
2014-01-03 04:48:33+00:00,418967093254434817,sabina58259,Snapchat becomes target of widespread cyberattack. Read it now at http://t.co/f1itlLNJyX,http://tinyurl.com/lcrhs92,https://twitter.com/sabina58259/status/418967093254434817
2014-01-03 04:43:33+00:00,418965835353296896,999TheBeat,#TopNews Snapchat becomes target of widespread cyberattack - Los Angeles Times http://t.co/rzmVQfSyEh #999TheBeat,http://dlvr.it/4d4WGM,https://twitter.com/999TheBeat/status/418965835353296896
2014-01-03 04:41:11+00:00,418965240210915328,andyyrao,"With improved tech, its easy for hackers to target social chat apps to compromise the customer info. This will lead them to big #CyberAttack",,https://twitter.com/andyyrao/status/418965240210915328
2014-01-03 04:20:06+00:00,418959931841056768,scoopna,Snapchat becomes target of widespread cyberattack http://t.co/YfbOsfmehT,http://me2.do/5jxp17dg,https://twitter.com/scoopna/status/418959931841056768
2014-01-03 04:14:01+00:00,418958402912395265,CPU2MONEY,New post: Snapchat becomes target of widespread cyberattack http://t.co/AuQIM7fJF7,http://www.cpu2money.com/snapchat/snapchat-becomes-target-of-widespread-cyberattack/,https://twitter.com/CPU2MONEY/status/418958402912395265
2014-01-03 03:58:53+00:00,418954594165608448,madilscan,Snapchat becomes target of widespread cyberattack http://t.co/MQxHosKlIv,"http://www.latimes.com/business/la-fi-snapchat-hack-20140103,0,4067768.story",https://twitter.com/madilscan/status/418954594165608448
2014-01-03 03:25:01+00:00,418946070115532800,DonovanJavier,Snapchat becomes target of widespread cyberattack http://t.co/nPphj09Wk2,http://ow.ly/2CBTce,https://twitter.com/DonovanJavier/status/418946070115532800
2014-01-03 03:25:01+00:00,418946069721284608,ClarkDosSantos,Snapchat becomes target of widespread cyberattack http://t.co/YW8b6vqKIW,http://ow.ly/2CBTci,https://twitter.com/ClarkDosSantos/status/418946069721284608
2014-01-03 03:20:05+00:00,418944829796519936,scoopna,Snapchat becomes target of widespread cyberattack http://t.co/C0yo0TI0LX,http://me2.do/xwt5q191,https://twitter.com/scoopna/status/418944829796519936
2014-01-03 03:14:16+00:00,418943363509780480,LA_News_Today,LA Times -  Snapchat becomes target of widespread cyberattack http://t.co/U9pFB1epKv,http://zqa.cz/lxKju,https://twitter.com/LA_News_Today/status/418943363509780480
2014-01-03 03:09:20+00:00,418942123249917953,SATAngelTwitt,Snapchat became the target of a widespread cyberattack that affected millions of users http://t.co/sF5juSnwgX http://t.co/z58AND74RB,"http://publicrecordsreport.com/ http://www.latimes.com/business/la-fi-snapchat-hack-20140103,0,4067768.story#axzz2pIjOtNrE",https://twitter.com/SATAngelTwitt/status/418942123249917953
2014-01-03 03:00:30+00:00,418939901464555520,asylumthedotcom,Snapchat becomes target of widespread cyberattack - http://t.co/yKArxLSVMD,http://asylumthe.com/?p=24822,https://twitter.com/asylumthedotcom/status/418939901464555520
2014-01-03 02:58:15+00:00,418939334205509632,BusinessHeadlin,Snapchat becomes target of widespread cyberattack: A reported 4.6 million Snapchat user names and phone numbers... http://t.co/NxloKDRiuO,http://dlvr.it/4d3dfh,https://twitter.com/BusinessHeadlin/status/418939334205509632
2014-01-03 02:56:45+00:00,418938956248387585,techfido,Snapchat becomes target of widespread cyberattack  http://t.co/X2nelE21Z1,"http://www.latimes.com/business/la-fi-snapchat-hack-20140103,0,4067768.story",https://twitter.com/techfido/status/418938956248387585
2014-01-03 02:54:30+00:00,418938389514051584,techfido,"Snapchat becomes target of widespread cyberattack

http://t.co/X2nelE21Z1","http://www.latimes.com/business/la-fi-snapchat-hack-20140103,0,4067768.story",https://twitter.com/techfido/status/418938389514051584
2014-01-03 02:47:04+00:00,418936521018712065,budholly59,Snapchat becomes target of widespread cyberattack http://t.co/h7xmYAfGKy,"http://www.latimes.com/business/la-fi-snapchat-hack-20140103,0,4067768.story",https://twitter.com/budholly59/status/418936521018712065
2014-01-03 02:44:24+00:00,418935850265620481,DaeHyunGang,Snapchat becomes target of widespread cyberattack:,,https://twitter.com/DaeHyunGang/status/418935850265620481
2014-01-03 02:44:24+00:00,418935850244644866,aron_calderon,Snapchat becomes target of widespread cyberattack:,,https://twitter.com/aron_calderon/status/418935850244644866
2014-01-03 02:40:21+00:00,418934829959237633,SilberWorldNews,LA Times - Snapchat becomes target of widespread cyberattack http://t.co/QnkeD5HU6W,http://dlvr.it/4d3VNz,https://twitter.com/SilberWorldNews/status/418934829959237633
2014-01-03 02:30:16+00:00,418932292686741504,UXemploys,Snapchat becomes target of widespread cyberattack - Los Angeles Times - http://t.co/8ItToCuCu9,http://bit.ly/1lDCKzN,https://twitter.com/UXemploys/status/418932292686741504
2014-01-03 02:26:55+00:00,418931449732300800,extream,Snapchat becomes target of widespread cyberattack http://t.co/76Te7I7wH6,http://ow.ly/2CBPag,https://twitter.com/extream/status/418931449732300800
2014-01-03 02:26:10+00:00,418931259998339072,lesewnggi,Snapchat becomes target of widespread cyberattack http://t.co/mqXlHBEESz,http://dlvr.it/4d3N24,https://twitter.com/lesewnggi/status/418931259998339072
2014-01-03 02:24:33+00:00,418930854740496384,trends_news,Snapchat becomes target of widespread cyberattack http://t.co/UoovEoC4l7 #trending #news,http://bit.ly/1eZgHpA,https://twitter.com/trends_news/status/418930854740496384
2014-01-03 02:24:33+00:00,418930854182653952,Bigboobs2016,Snapchat becomes target of widespread cyberattack http://t.co/hoRqar72r5,http://dlvr.it/4d3MqF,https://twitter.com/Bigboobs2016/status/418930854182653952
2014-01-03 02:20:10+00:00,418929748576727040,latimesmost,Snapchat becomes target of widespread cyberattack http://t.co/QdS7ACDoS0,http://lat.ms/19NyFne,https://twitter.com/latimesmost/status/418929748576727040
2014-01-03 02:20:05+00:00,418929728007847936,scoopna,Snapchat becomes target of widespread cyberattack http://t.co/HDXlw4guQZ,http://me2.do/GOMItYgv,https://twitter.com/scoopna/status/418929728007847936
2014-01-03 02:19:24+00:00,418929557035417600,JezHarper,Snapchat becomes target of widespread cyberattack - Los Angeles Times: MiamiHerald.comSnapchat becomes target ... http://t.co/b895glCk0K,http://bit.ly/1as9WFj,https://twitter.com/JezHarper/status/418929557035417600
2014-01-03 02:19:05+00:00,418929476521578496,latimesfirehose,Snapchat becomes target of widespread cyberattack http://t.co/XqE39afOP1,http://lat.ms/19Nyys4,https://twitter.com/latimesfirehose/status/418929476521578496
2014-01-03 02:18:35+00:00,418929350004596736,apinkpcs,Snapchat becomes target of widespread cyberattack http://t.co/rYzQir8ZoR,http://dlvr.it/4d3L3x,https://twitter.com/apinkpcs/status/418929350004596736
2014-01-03 02:18:03+00:00,418929217670098944,helsil,Snapchat becomes target of widespread cyberattack http://t.co/90FXK9DA01,"http://www.latimes.com/business/la-fi-snapchat-hack-20140103,0,4067768.story",https://twitter.com/helsil/status/418929217670098944
2014-01-03 02:17:48+00:00,418929154097020929,9technews,Snapchat becomes target of widespread cyberattack - Los Angeles Times: MiamiHerald.comSnapchat bec... http://t.co/puoLoie91B #Tech #News,http://bit.ly/1as9WFj,https://twitter.com/9technews/status/418929154097020929
2014-01-03 02:17:35+00:00,418929098497351680,GoogleNewsIsra8,#googlenews Snapchat becomes target of widespread cyberattack - Los Angeles Times http://t.co/eUZTLyL2W9,http://adf.ly/bXRCk,https://twitter.com/GoogleNewsIsra8/status/418929098497351680
2014-01-03 02:15:59+00:00,418928698759184384,GoogleNewsMala6,#googlenews Snapchat becomes target of widespread cyberattack - Los Angeles Times http://t.co/ltC3FuM0cL,http://adf.ly/bXRCk,https://twitter.com/GoogleNewsMala6/status/418928698759184384
2014-01-03 02:12:56+00:00,418927929091817474,Technoo_Mania,Snapchat becomes target of widespread cyberattack - Los Angeles Times http://t.co/KuHyYBtHsZ #news #tech,http://bit.ly/1as9WFj,https://twitter.com/Technoo_Mania/status/418927929091817474
2014-01-03 02:10:58+00:00,418927436022030336,nicesummer,Be interesting to see how they handle this breach.  Snapchat becomes target of widespread cyberattack http://t.co/eWkFV0snez,"http://www.latimes.com/business/la-fi-snapchat-hack-20140103,0,4067768.story",https://twitter.com/nicesummer/status/418927436022030336
2014-01-03 02:04:05+00:00,418925702977572864,dudeman718,Snapchat becomes target of widespread cyberattack http://t.co/8XQHsBNShH,"http://www.latimes.com/business/la-fi-snapchat-hack-20140103,0,4067768.story",https://twitter.com/dudeman718/status/418925702977572864
2014-01-03 02:03:13+00:00,418925485117030400,MVBobowie,Snapchat becomes target of widespread cyberattack http://t.co/H1bv8kPZHl,"http://www.latimes.com/business/la-fi-snapchat-hack-20140103,0,4067768.story",https://twitter.com/MVBobowie/status/418925485117030400
2014-01-03 02:02:12+00:00,418925230153687042,LAXSmallBiz,[LATimes: Business] Snapchat becomes target of widespread cyberattack http://t.co/xNTRVhJ8ZN,http://dlvr.it/4d3BGj,https://twitter.com/LAXSmallBiz/status/418925230153687042
2014-01-03 02:02:11+00:00,418925225095360514,latimesbiz,Snapchat becomes target of widespread cyberattack http://t.co/sBnfodCldR,http://lat.ms/1eZet9O,https://twitter.com/latimesbiz/status/418925225095360514
2014-01-03 02:02:02+00:00,418925186428067840,ravdeepsodhi,#eCore #HT : Snapchat becomes target of widespread #Cyberattack - Los Angeles T... http://t.co/3vE2edtAO8  | #InfoSec,http://HackingTechnologies.com/7Yi4zqPz,https://twitter.com/ravdeepsodhi/status/418925186428067840
2014-01-03 01:10:03+00:00,418912106722103296,timqueeney,Another Massive Cyber-attack on US Citizens ~ Target stores attack more dangerous than many think http://t.co/r1aL25uoEv #PerryHelionTech,http://buff.ly/1dqYP3C,https://twitter.com/timqueeney/status/418912106722103296
2014-01-02 20:44:05+00:00,418845170184900609,TWiGFeed,UK Online Casino Target Of Cyber Attack http://t.co/NBbJrDIAyh,http://tinyurl.com/m9qs9bb,https://twitter.com/TWiGFeed/status/418845170184900609
2014-01-02 13:29:32+00:00,418735813757657088,TWiGFeed,UK Online Casino Target Of Cyber Attack http://t.co/NBbJrDIAyh,http://tinyurl.com/m9qs9bb,https://twitter.com/TWiGFeed/status/418735813757657088
2014-01-02 01:12:34+00:00,418550349147148288,cburma,RT @RiskStrategies: @RiskStrategies: Indonesia Number 1 cyber attack target for 2013: http://t.co/N1MqfL9p4k,http://bit.ly/JrXeQ5,https://twitter.com/cburma/status/418550349147148288
2014-01-01 23:01:15+00:00,418517305438797824,SamOzz3,UK Online Casino Target Of Cyber Attack http://t.co/q5Qylb3cry,http://buff.ly/1g1mSpD,https://twitter.com/SamOzz3/status/418517305438797824
2014-01-01 21:18:34+00:00,418491460468883456,timgrieveson,UK Online Casino Target Of Cyber Attack - http://t.co/7xaU8r0Qf8,http://GamblingKingz.com,https://twitter.com/timgrieveson/status/418491460468883456
2014-01-01 16:01:56+00:00,418411778897616896,insurancesaver,"Insurance Questions, Lawsuits Arise in Wake of Target’s Data Breach http://t.co/ZuzUWxiL82 #databreach #Cyberattack",http://buff.ly/1cv7x0A,https://twitter.com/insurancesaver/status/418411778897616896
2014-01-01 15:21:16+00:00,418401543080394752,RiskStrategies,@RiskStrategies: Indonesia Number 1 cyber attack target for 2013: http://t.co/DjE03iySlp,http://bit.ly/JrXeQ5,https://twitter.com/RiskStrategies/status/418401543080394752
2014-01-01 07:27:54+00:00,418282419926888448,Yaogwai,"UK Online Casino Target Of Cyber Attack
By Renee Israel http://t.co/scnQCFGsBI",http://www.gamblingkingz.com/news/2013/12/31/uk-online-casino-target-of-cyber-attack.asp,https://twitter.com/Yaogwai/status/418282419926888448
2014-01-01 06:41:25+00:00,418270719248580608,EMahmoudSoliman,UK Online #Casino Target Of Cyber Attack http://t.co/5D3vpgwh2l #cybercrime #infosec #security #cyberattack #England,http://www.gamblingkingz.com/news/2013/12/31/uk-online-casino-target-of-cyber-attack.asp,https://twitter.com/EMahmoudSoliman/status/418270719248580608
2013-12-31 23:24:07+00:00,418160671587434496,BetBonusCode,UK Online Casino Target Of Cyber Attack: A pair of Polish computer hackers have been jailed in the UK for atte... http://t.co/tqlOaeZdDq,http://bit.ly/1hdEwdq,https://twitter.com/BetBonusCode/status/418160671587434496
2013-12-31 22:41:10+00:00,418149859498393600,Sec_Cyber,UK Online Casino Target Of Cyber Attack http://t.co/NBDoL08Ykw #cyber #security,http://bit.ly/1ck3Wl1,https://twitter.com/Sec_Cyber/status/418149859498393600
2013-12-31 22:40:13+00:00,418149622343671808,strictstrategy,UK Online Casino Target Of Cyber Attack - Gambling Kingz: Gambling KingzUK Online Casino Target Of Cyber Attac... http://t.co/ff8R2UVnHy,http://bit.ly/1gkUvDt,https://twitter.com/strictstrategy/status/418149622343671808
2013-12-31 22:20:35+00:00,418144680769888256,gambling_update,[NEWS] UK Online Casino Target Of Cyber Attack http://t.co/aK1xgBqIul | http://t.co/JtT6NbM6Ju #gambling #casino,http://dlvr.it/4cQxPD http://www.gamblux.com,https://twitter.com/gambling_update/status/418144680769888256
2013-12-31 22:20:35+00:00,418144680736342017,gamblux_casino,[NEWS] UK Online Casino Target Of Cyber Attack http://t.co/cPxUvdZFUN #gambling #casino,http://dlvr.it/4cQxPB,https://twitter.com/gamblux_casino/status/418144680736342017
2013-12-31 17:59:09+00:00,418078888946700288,insurancesaver,"Insurance Questions, Lawsuits Arise in Wake of Target’s Data Breach http://t.co/w9cO97wqM3 #databreach #Cyberattack http://t.co/bi0DhhVSTl",http://buff.ly/1cv7y4J http://fb.me/XgD5WXcD,https://twitter.com/insurancesaver/status/418078888946700288
2013-12-31 16:53:35+00:00,418062390702243842,RiskStrategies,Indonesia Number 1 cyber attack target for 2013: http://t.co/DjE03iySlp,http://bit.ly/JrXeQ5,https://twitter.com/RiskStrategies/status/418062390702243842
2013-12-30 09:04:05+00:00,417581849993818112,spectrum911,#Target #cyberattack by overseas #hackers may have compromised up to 40M cards - #cyber #attack #x22report http://t.co/wcKMRJ7N0Q,http://www.washingtonpost.com/business/economy/target-cyberattack-by-overseas-hackers-may-have-compromised-up-to-40-million-cards/2013/12/20/2c2943cc-69b5-11e3-a0b9-249bbb34602c_story.html?wprss=rss_national,https://twitter.com/spectrum911/status/417581849993818112
2013-12-28 15:03:49+00:00,416947600462712832,carlosfrevert,"News stations are calling this mess with Target a cyber 'attack'. It's a theft not an attack. Trust me, you don't want an attack.",,https://twitter.com/carlosfrevert/status/416947600462712832
2013-12-28 07:51:01+00:00,416838685447835648,iArunWilson,Overseas hackers behind cyber attack on Target http://t.co/6hL059WDMA #hacked,http://bit.ly/KaWY8g,https://twitter.com/iArunWilson/status/416838685447835648
2013-12-28 07:06:40+00:00,416827522483904512,EMahmoudSoliman,Target Data Breach May Affect 232K in NH http://t.co/36ZYVE8L3T #NewHampshire #cybercrime #infosec #security #cyberattack,http://amherst.patch.com/groups/business-news/p/target-data-breach-may-affect-232k-in-nh-amherst,https://twitter.com/EMahmoudSoliman/status/416827522483904512
2013-12-27 23:03:47+00:00,416706000482078720,BusinessTimes,"Target says PINs stolen, but confident data secure http://t.co/NwYHIOaGnf #Target #hacking #theft #cyberattack",http://www.btd.sg/1hKo1mA,https://twitter.com/BusinessTimes/status/416706000482078720
2013-12-27 22:08:33+00:00,416692100025954304,NBCNightlyNews,"MT @NMoralesNBC: Back w/ you on @nbcnightlynews.  Latest on Target's cyber attack, rescue mission in Antarctica &amp; the people we lost in 2013",,https://twitter.com/NBCNightlyNews/status/416692100025954304
2013-12-27 22:06:20+00:00,416691542594977792,nmoralestv,"Back w/ you on @nbcnightlynews.  Latest on Target's cyber attack, the rescue to the rescue mission in Antarctica &amp; the ple we lost in 2013",,https://twitter.com/nmoralestv/status/416691542594977792
2013-12-27 21:47:00+00:00,416686678485774336,GoECOMP,"""Investigators believe that overseas hackers were responsible for the cyber attack on U.S. retailer Target (cont) http://t.co/Ya377p1XWg",http://tl.gd/n_1rv650a,https://twitter.com/GoECOMP/status/416686678485774336
2013-12-27 20:00:46+00:00,416659942633115648,Cyber360,Cyber attack on Target puts spotlight on  card security via @kdhnews http://t.co/2YU6mBgKSE,http://ow.ly/s5U8K,https://twitter.com/Cyber360/status/416659942633115648
2013-12-27 19:23:11+00:00,416650485693952000,LiabilityGuy,#Cyber attack on Target in US. 40m credit card details compromised http://t.co/MaT6tYlw5p,http://www.insurancejournal.com/news/national/2013/12/24/315405.htm,https://twitter.com/LiabilityGuy/status/416650485693952000
2013-12-27 18:03:30+00:00,416630432776867840,octerionict,Target Under Cyber Attack - http://t.co/83EcAA3Xrc - #CYBER,http://hetnieuwsleesjehier.nl/cyber/?p=20654,https://twitter.com/octerionict/status/416630432776867840
2013-12-27 10:03:28+00:00,416509628097118208,GolubevCcrc,Target cyberattack by overseas hackers may have compromised up to 40 million cards http://t.co/X2Hsx0CNQ0 via @washingtonpost,http://wapo.st/1bW3ysB,https://twitter.com/GolubevCcrc/status/416509628097118208
2013-12-27 04:43:45+00:00,416429167341604864,WarLordwrites,#target Another Massive Cyber-attack on US Citizens and Nobody Cares http://t.co/Uro40UkaWw #malware,http://bit.ly/1jwyo1y,https://twitter.com/WarLordwrites/status/416429167341604864
2013-12-27 03:00:12+00:00,416403109276311552,SamOzz3,Cyber attack on #Target puts spotlight on card security #infosec #cybersecurity  http://t.co/5UjbRBRzgZ,http://buff.ly/1fKLoeq,https://twitter.com/SamOzz3/status/416403109276311552
2013-12-27 01:50:03+00:00,416385457552121856,smesecurity,Cyber attack on Target puts spotlight on card security - Killeen #cybersecurity Daily Herald | @scoopit http://t.co/l7x0YEMuRr,http://sco.lt/7BVLpR,https://twitter.com/smesecurity/status/416385457552121856
2013-12-27 01:37:56+00:00,416382408800223233,ALLsecuritySoft,"Cyber attack on Target puts spotlight on  card security 
http://t.co/78RE7gMUlR",http://kdhnews.com/opinion/cyber-attack-on-target-puts-spotlight-on-card-security/article_88200634-6dd4-11e3-b799-0019bb30f31a.html,https://twitter.com/ALLsecuritySoft/status/416382408800223233
2013-12-27 01:10:17+00:00,416375447338090496,stanstahl,#CyberAttack: New Attacks Target Syrian Activists | Threatpost | http://t.co/AxdYrCrKpx,http://ow.ly/s3Idt,https://twitter.com/stanstahl/status/416375447338090496
2013-12-26 22:38:58+00:00,416337369252790273,zane999,Cyber Attack Target - Target Retailers were just involved in the second large [] http://t.co/ltzHKoIOgU,http://ow.ly/2CryTZ,https://twitter.com/zane999/status/416337369252790273
2013-12-26 22:38:24+00:00,416337226838978560,zane999,Cyber Attack Target - Target Retailers were just involved in the second large [] http://t.co/6gSn7USKbL,http://ow.ly/2Crz5A,https://twitter.com/zane999/status/416337226838978560
2013-12-26 17:39:48+00:00,416262081063976960,dynamic_na,Cyber Attack Target - Target Retailers were just involved in the second large [] http://t.co/Sw8C9kJ9e5,http://ow.ly/2Cr9EM,https://twitter.com/dynamic_na/status/416262081063976960
2013-12-26 17:38:14+00:00,416261685050376192,HeyFantasticIT,Cyber Attack Target - Target Retailers were just involved in the second largest credit card breach in United State... http://t.co/mdUas8vk2v,http://ow.ly/2Cra2L,https://twitter.com/HeyFantasticIT/status/416261685050376192
2013-12-26 17:33:59+00:00,416260616786305024,BrianMacFee,Cyber Attack Target - Target Retailers were just involved in the second largest credit card breach in United State... http://t.co/FHfVE9UK1P,http://ow.ly/2CraYk,https://twitter.com/BrianMacFee/status/416260616786305024
2013-12-26 16:44:01+00:00,416248040618725377,clint_galliano,"Thanks to some insight from Adam Curry over at No Agenda, I believe it was to distract from massive cyber attack on Target POS terminals.",,https://twitter.com/clint_galliano/status/416248040618725377
2013-12-26 16:43:28+00:00,416247904987533312,SMLRG,"Cyber attack on Target puts spotlight on card security - The Killeen Daily Herald: Opinion http://t.co/ZhHItWJAFZ #security, #infosec",http://ow.ly/s4wN9,https://twitter.com/SMLRG/status/416247904987533312
2013-12-26 16:43:28+00:00,416247904291287040,AlanHHeyman,"Cyber attack on Target puts spotlight on card security - The Killeen Daily Herald: Opinion http://t.co/rS1THmkVm6 #security, #infosec",http://ow.ly/s4wES,https://twitter.com/AlanHHeyman/status/416247904291287040
2013-12-26 12:54:33+00:00,416190295936872448,Sec_Cyber,Cyber attack on Target puts spotlight on card security http://t.co/5lSBSu7Sz5 #cyber #security,http://bit.ly/K5V3Sp,https://twitter.com/Sec_Cyber/status/416190295936872448
2013-12-26 11:00:01+00:00,416161472436121600,eCoreTechnoS,#eCore #HT : #Cyberattack on Target puts spotlight on card security - Killeen ... http://t.co/pW2VBNGDih  | #InfoSec,http://HackingTechnologies.com/HWVWQnlj,https://twitter.com/eCoreTechnoS/status/416161472436121600
2013-12-25 22:57:23+00:00,415979615371276289,Arkstorm2014,"I am guessing that this TARGET hack is an opening salvo in the ARkStorm/cyber attack that DHS warned us was coming. 

http://t.co/raWRek9BCB",http://www.torontosun.com/2013/12/24/target-hackers-stole-encrypted-bank-pins-source,https://twitter.com/Arkstorm2014/status/415979615371276289
2013-12-25 15:14:59+00:00,415863247171227648,octerionict,Target Under Cyber Attack - http://t.co/kA16hmlTlj - #CYBER,http://hetnieuwsleesjehier.nl/cyber/?p=20536,https://twitter.com/octerionict/status/415863247171227648
2013-12-25 03:31:46+00:00,415686279687184384,scrivener50,@WSJ @Target bars Salvation Army Santas from stores; mil cyber contractor religious zealots target chain for cyber-attack? Operation Chaos?,,https://twitter.com/scrivener50/status/415686279687184384
2013-12-25 02:02:16+00:00,415663754316382208,octerionict,Target Under Cyber Attack - http://t.co/hgOPbosGjY - #CYBER,http://hetnieuwsleesjehier.nl/cyber/?p=20514,https://twitter.com/octerionict/status/415663754316382208
2013-12-24 08:31:10+00:00,415399238315835392,timgrieveson,Overseas hackers behind cyber attack on Target | ABS-CBN News http://t.co/k44FOBUCd4,http://lnkd.in/dJM4Nky,https://twitter.com/timgrieveson/status/415399238315835392
2013-12-24 04:05:58+00:00,415332499242639360,octerionict,Target Under Cyber Attack - http://t.co/jj9qn8mXli - #CYBER,http://hetnieuwsleesjehier.nl/cyber/?p=20466,https://twitter.com/octerionict/status/415332499242639360
2013-12-23 14:22:12+00:00,415125189282639872,HackedTarget,RT @comp10tx: Does anyone else find it funny Target was the target of a cyber attack?,,https://twitter.com/HackedTarget/status/415125189282639872
2013-12-23 14:00:54+00:00,415119828748206080,ANCALERTS,Investigators believe overseas hackers behind cyber attack on Target http://t.co/LIXLrRJDHQ,http://j.mp/JYA703,https://twitter.com/ANCALERTS/status/415119828748206080
2013-12-23 13:12:14+00:00,415107581992919040,GolubevCcrc,"Target suffers major cyber attack, 40 million customers affected http://t.co/XWV5ZUaQuD via @washbizonline",http://www.bizjournals.com/washington/blog/techflash/2013/12/target-suffers-major-cybercriminal.html?ana=twt,https://twitter.com/GolubevCcrc/status/415107581992919040
2013-12-23 12:29:12+00:00,415096750597107715,noonecanstop1,#Cyberattack Potential credit card breach at Target investigated http://t.co/H66T2BRW75,http://bit.ly/JUS3rX,https://twitter.com/noonecanstop1/status/415096750597107715
2013-12-23 11:04:52+00:00,415075528056774656,spectrum911,Overseas# hackers behind #cyber #attack on #Target http://t.co/WfzhKPsuPb #x22report #cyberattack #threat #fraud #crimes,http://www.abs-cbnnews.com/business/tech-biz/12/23/13/overseas-hackers-behind-cyber-attack-target,https://twitter.com/spectrum911/status/415075528056774656
2013-12-23 10:00:44+00:00,415059388127522816,jpderosa,Massive Cyber-attack on US Citizens (Target stores) and the NSA is looking elsewhere http://t.co/Co7dLYBHPd,http://bit.ly/1jwyo1y,https://twitter.com/jpderosa/status/415059388127522816
2013-12-23 09:55:54+00:00,415058173784227840,smesecurity,#CyberSecurity Overseas #hackers behind cyber attack on Target - ABS CBN News | @scoopit http://t.co/35cTWlj7FV,http://sco.lt/9EmoRF,https://twitter.com/smesecurity/status/415058173784227840
2013-12-23 09:43:10+00:00,415054967842430976,Comp10Tx,Does anyone else find it funny Target was the target of a cyber attack?,,https://twitter.com/Comp10Tx/status/415054967842430976
2013-12-23 04:23:59+00:00,414974641426268160,adolfogrego,Overseas hackers behind cyber attack on Target http://t.co/wgp2gfijnk,http://zite.to/1eyXvPj,https://twitter.com/adolfogrego/status/414974641426268160
2013-12-23 03:30:17+00:00,414961129433993216,EdgarUlloa,"""@Aldana_Angel: Overseas #hackers behind cyber attack on Target - ABS CBN News http://t.co/84YXXoeICo""",http://bit.ly/1cpLKZJ,https://twitter.com/EdgarUlloa/status/414961129433993216
2013-12-23 03:30:13+00:00,414961111302438912,WebSecurityNews,Overseas hackers behind cyber attack on Target - WASHINGTON - Investigators believe that overseas hackers were res... http://t.co/RJ49odM1rg,http://ow.ly/2ClK0b,https://twitter.com/WebSecurityNews/status/414961111302438912
2013-12-23 03:23:05+00:00,414959315913424896,junjun_teah,Overseas hackers behind cyber attack on Target http://t.co/4edVrfT95b test ulit..,http://www.abs-cbnnews.com/business/tech-biz/12/23/13/overseas-hackers-behind-cyber-attack-target,https://twitter.com/junjun_teah/status/414959315913424896
2013-12-23 03:22:52+00:00,414959262264070144,TIC_Security,Overseas hackers behind cyber attack on Target - ABS CBN News http://t.co/ivZR7fczj0,http://bit.ly/1cpLKZJ,https://twitter.com/TIC_Security/status/414959262264070144
2013-12-23 03:22:52+00:00,414959260838006785,Aldana_Angel,Overseas hackers behind cyber attack on Target - ABS CBN News http://t.co/s17wHKQJYl,http://bit.ly/1cpLKZJ,https://twitter.com/Aldana_Angel/status/414959260838006785
2013-12-23 03:02:21+00:00,414954098270552064,ABSCBNNewsBiz,Overseas hackers behind cyber attack on Target http://t.co/0Agi96jb4O,http://bit.ly/1e4h7WS,https://twitter.com/ABSCBNNewsBiz/status/414954098270552064
2013-12-23 03:02:20+00:00,414954094688612352,ABSCBNNews,Overseas hackers behind cyber attack on Target http://t.co/l06qYJQqmG,http://bit.ly/1e4h7WS,https://twitter.com/ABSCBNNews/status/414954094688612352
2013-12-23 03:00:48+00:00,414953709492121600,NewsForPh,#PhNews Overseas hackers behind cyber attack on Target http://t.co/1QWh5JOkEU,http://q.gs/5FhLW,https://twitter.com/NewsForPh/status/414953709492121600
2013-12-23 03:00:02+00:00,414953515929202689,eCoreTechnoS,#eCore #HT : Overseas #Hackers behind cyber attack on Target - ABS CBN News... http://t.co/a9DMDEbCzJ  | #InfoSec,http://HackingTechnologies.com/E3Rbm0Aj,https://twitter.com/eCoreTechnoS/status/414953515929202689
2013-12-22 21:14:12+00:00,414866485471748096,EuroCyberSec,Flagship UK welfare website was cyber attack target - http://t.co/oy4qn33XOI http://t.co/GCpejzE22n via @FT,http://FT.com http://on.ft.com/1a571Xw,https://twitter.com/EuroCyberSec/status/414866485471748096
2013-12-22 21:10:55+00:00,414865656983846912,timgrieveson,Cyber-attack steals 40-million credit card details from Target http://t.co/1jBP0KI1Uj,http://lnkd.in/dq_Eyzy,https://twitter.com/timgrieveson/status/414865656983846912
2013-12-22 20:03:43+00:00,414848746833596416,octerionict,40 mn credit cards imperilled in cyber attack on US retail giant Target - http://t.co/TevTkA30ps - #CYBER,http://hetnieuwsleesjehier.nl/cyber/?p=20380,https://twitter.com/octerionict/status/414848746833596416
2013-12-22 19:58:01+00:00,414847313711235072,ovidiudem,“@WSJ: J.P. Morgan places caps on debit cards affected by Target security breach:  http://t.co/TXnhwaZed0” another successful cyberattack!,http://on.wsj.com/18GgBQN,https://twitter.com/ovidiudem/status/414847313711235072
2013-12-22 19:40:19+00:00,414842860182061056,mmikkel,"RTHarold Jarche @hjarche Target Stores ""Cyber-attack on US Citizens"" incl 3 digit verification codes on credit cards http://t.co/JNcgkeRMCy",http://bit.ly/1jwyo1y,https://twitter.com/mmikkel/status/414842860182061056
2013-12-22 15:09:11+00:00,414774623843008512,mirzhaywire,Cyber-attack steals 40-million credit card details from Target -  http://t.co/vNYU4k9kwQ,http://mybroadband.co.za/news/security/94100-cyber-attack-steals-40-million-credit-card-details-from-target.html,https://twitter.com/mirzhaywire/status/414774623843008512
2013-12-22 14:54:54+00:00,414771032038596609,Sec_Cyber,Cyber-attack steals 40-million credit card details from Target http://t.co/OW8hJpegUx #cyber #security,http://bit.ly/J71l42,https://twitter.com/Sec_Cyber/status/414771032038596609
2013-12-22 10:45:02+00:00,414708147979173888,HackingTechnos,#eCore #HT : #Cyberattack steals 40-million credit card details from Target - ... http://t.co/xsGmWvvo45  | #InfoSec,http://HackingTechnologies.com/PyH0Dg1c,https://twitter.com/HackingTechnos/status/414708147979173888
2013-12-22 10:30:19+00:00,414704446531043328,lpsolutions,40 million credit cards imperilled in cyber attack on US retail giant Target - Daily News &amp; Analysis http://t.co/dgdCYOq15h,http://dlvr.it/4YZzPs,https://twitter.com/lpsolutions/status/414704446531043328
2013-12-22 09:02:21+00:00,414682308986146817,Epricity2,Target cyberattack by overseas #Hackers may have compromised up to 40 million ... - Washington Post http://t.co/LCHgBvvRKA,http://tinyurl.com/muh2xqj,https://twitter.com/Epricity2/status/414682308986146817
2013-12-22 03:02:15+00:00,414591684870037504,Epricity2,Target cyberattack by overseas #Hackers may have compromised up to 40 million ... - Washington Post http://t.co/LCHgBvvRKA,http://tinyurl.com/muh2xqj,https://twitter.com/Epricity2/status/414591684870037504
2013-12-21 22:03:47+00:00,414516575266672640,octerionict,Investigators say overseas hackers responsible for Target cyber attack- source - http://t.co/ztDyN2kAG4 - #CYBER,http://hetnieuwsleesjehier.nl/cyber/?p=20333,https://twitter.com/octerionict/status/414516575266672640
2013-12-21 20:42:01+00:00,414495995880550400,MaricrisG,Just got 10% off our total purchase @Target! Their way of making it up for effect of recent cyber attack. Good til tom. cc: @DionLimWCNC,,https://twitter.com/MaricrisG/status/414495995880550400
2013-12-21 16:35:47+00:00,414434032739311616,Osvaldo_Villar,Target cyberattack by overseas hackers may have compromised up to 40 million cards http://t.co/aec4J9NugM via @washingtonpost,http://wapo.st/1bW3ysB,https://twitter.com/Osvaldo_Villar/status/414434032739311616
2013-12-21 14:25:10+00:00,414401161307762688,JaackSchitt,Target Stores confirm that 40-million credit and debit cards are at risk following a recent cyber attack on their sales records.,,https://twitter.com/JaackSchitt/status/414401161307762688
2013-12-21 13:02:10+00:00,414380271186608128,Epricity2,Target cyberattack by overseas #Hackers may have compromised up to 40 million ... - Washington Post http://t.co/LCHgBvvRKA,http://tinyurl.com/muh2xqj,https://twitter.com/Epricity2/status/414380271186608128
2013-12-21 12:22:43+00:00,414370344716103681,dreyfus_marion,Investigators believe overseas hackers were responsible for the cyber attack on US retailer Target that compromised up to 40m credit cards.,,https://twitter.com/dreyfus_marion/status/414370344716103681
2013-12-21 12:17:48+00:00,414369108231077888,johanndewet,"Cyber-attack steals 40-million credit card details from Target: Stolen data includes customer names, credit an... http://t.co/yJSC95SW1t",http://bit.ly/1fOg13d,https://twitter.com/johanndewet/status/414369108231077888
2013-12-21 11:57:17+00:00,414363945613266945,wwmcc,Cyber-attack steals 40-million credit card details from Target http://t.co/CGAPIo8DhN #internet #security,http://bit.ly/1fOg13d,https://twitter.com/wwmcc/status/414363945613266945
2013-12-21 11:57:15+00:00,414363936608116737,johanlast,"Cyber-attack steals 40-million credit card details from Target: Stolen data includes customer names, credit an... http://t.co/DHDCutcUWH",http://bit.ly/1fOg13d,https://twitter.com/johanlast/status/414363936608116737
2013-12-21 11:41:28+00:00,414359962908123136,MyTechZA,Cyber-attack steals 40-million credit card details from Target http://t.co/Ml1eDxJX2g,http://ift.tt/19Zyx3Q,https://twitter.com/MyTechZA/status/414359962908123136
2013-12-21 11:38:41+00:00,414359261809246209,RishanBarat,Cyber-attack steals 40-million credit card details from Target http://t.co/NaC8vGgzqb,http://ift.tt/19Zyx3Q,https://twitter.com/RishanBarat/status/414359261809246209
2013-12-21 11:38:39+00:00,414359256633442304,mybroadband,Cyber-attack steals 40-million credit card details from Target – http://t.co/8cpnNu8i91,http://j.mp/J4CjCG,https://twitter.com/mybroadband/status/414359256633442304
2013-12-21 10:00:47+00:00,414334625969102848,octerionict,40 mln credit cards imperilled in cyber attack on US retail giant Target - http://t.co/sBe6HcfRqv - #CYBER,http://hetnieuwsleesjehier.nl/cyber/?p=20301,https://twitter.com/octerionict/status/414334625969102848
2013-12-21 07:04:49+00:00,414290341647249408,RayInformatics,Target cyberattack by overseas hackers may have compromised up to 40 million cards http://t.co/yYIS90EYQo,http://dlvr.it/4YGsrg,https://twitter.com/RayInformatics/status/414290341647249408
2013-12-21 07:04:49+00:00,414290341324275712,SilberWorldNews,Washington Post - Target cyberattack by overseas hackers may have compromised up to 40 million cards http://t.co/f0ETdbiq3o,http://dlvr.it/4YGsrM,https://twitter.com/SilberWorldNews/status/414290341324275712
2013-12-21 07:04:49+00:00,414290341089398784,blake_sunny,Target cyberattack by overseas hackers may have compromised up to 40 million cards http://t.co/k3QdjCvcFz,http://dlvr.it/4YGsqJ,https://twitter.com/blake_sunny/status/414290341089398784
2013-12-21 07:04:49+00:00,414290340976144384,Maya__Anderson,Target cyberattack by overseas hackers may have compromised up to 40 million cards http://t.co/L70FMCjss1,http://dlvr.it/4YGsqx,https://twitter.com/Maya__Anderson/status/414290340976144384
2013-12-21 04:11:14+00:00,414246658818326528,newsnomco,"Target offering discounts, free credit monitoring after breach: Target sought to reassure customers after a cyber attack that compromised...",,https://twitter.com/newsnomco/status/414246658818326528
2013-12-21 02:32:19+00:00,414221765288538112,MrCharles1914,hackers were responsible for the cyber attack on Target that compromised up to 40 million payment cards #FinanciaFriday,,https://twitter.com/MrCharles1914/status/414221765288538112
2013-12-21 02:30:03+00:00,414221196826144770,MrCharles1914,Overseas hackers are believed to be behind the cyber attack on Target this week. #FinancialFriday,,https://twitter.com/MrCharles1914/status/414221196826144770
2013-12-21 01:35:16+00:00,414207410639613952,Dakoda_1022,#JPMorgan botched mailing of replacement cards after cyber attack #CT #Target http://t.co/pc6OEf3cX0 via @YahooFinance,http://finance.yahoo.com/news/jpmorgan-botched-mailing-replacement-cards-232929129.html?soc_src=mediacontentsharebuttons,https://twitter.com/Dakoda_1022/status/414207410639613952
2013-12-21 01:31:25+00:00,414206438094163968,animesh1977,Target cyberattack by overseas hackers may have compromised up to 40 million ... - Washington Post http://t.co/CQDJAYwCL6,http://ift.tt/JMxKNi,https://twitter.com/animesh1977/status/414206438094163968
2013-12-21 01:24:35+00:00,414204719251222528,makemoney526,Target cyberattack by overseas hackers may have compromised up to 40 million ... - Washington Post: ABC NewsTa... http://t.co/4Yg7oGMBIh,http://bit.ly/1krrg4P,https://twitter.com/makemoney526/status/414204719251222528
2013-12-21 01:15:02+00:00,414202315550101504,HackingTechnos,#eCore #HT : Target cyberattack by overseas #Hackers may have compromised up to... http://t.co/gLnx5SjDsQ  | #InfoSec,http://HackingTechnologies.com/eijkhAPS,https://twitter.com/HackingTechnos/status/414202315550101504
2013-12-21 00:35:17+00:00,414192314001526785,SDReconomics,Target Gives Shoppers 10 Percent Off  This Weekend - Following a cyberattack that compromised the credit... http://t.co/IoaZ3Rr2dU,http://ow.ly/2Cj1Ch,https://twitter.com/SDReconomics/status/414192314001526785
2013-12-21 00:05:24+00:00,414184790858809344,WellandTribune,Hackers may be responsible for the cyber attack on retailer Target that compromised up to 40 million payment cards. http://t.co/l9iPXMHF24,http://ow.ly/rYcAR,https://twitter.com/WellandTribune/status/414184790858809344
2013-12-21 00:05:12+00:00,414184744255885314,GregFurm,Hackers may be responsible for the cyber attack on retailer Target that compromised up to 40 million payment cards. http://t.co/bs5G0ktEVe,http://ow.ly/rYcuF,https://twitter.com/GregFurm/status/414184744255885314
2013-12-20 23:32:27+00:00,414176502586961920,ISCSP_ORG,#cybercrime Target Gives Shoppers 10 Percent Off This Weekend: Following a cyberattack that compromised the cr... http://t.co/BWEnuzeO7L,http://ti.me/1c8EWxQ,https://twitter.com/ISCSP_ORG/status/414176502586961920
2013-12-20 22:39:38+00:00,414163208010608643,asoufi45,Target : Investigators said to cast eyes overseas Hackers abroad may be responsible for the cyber attack that compromised up to 40 millions,,https://twitter.com/asoufi45/status/414163208010608643
2013-12-20 22:25:56+00:00,414159760473075713,All_The_Web,Target Gives Shoppers 10 Percent Off  This Weekend: Following a cyberattack that compromised the credit card d... http://t.co/czkQXbc0e1,http://bit.ly/1cGQl4K,https://twitter.com/All_The_Web/status/414159760473075713
2013-12-20 22:25:55+00:00,414159758661140480,CameroonCEOs,Target Gives Shoppers 10 Percent Off  This Weekend: Following a cyberattack that compromised the credit card d... http://t.co/zVCb87hDU7,http://bit.ly/1cGQk0A,https://twitter.com/CameroonCEOs/status/414159758661140480
2013-12-20 22:25:54+00:00,414159753346949122,EWC_PR,Target Gives Shoppers 10 Percent Off  This Weekend: Following a cyberattack that compromised the credit card d... http://t.co/8FVSfdlI8t,http://bit.ly/1cGQl4F,https://twitter.com/EWC_PR/status/414159753346949122
2013-12-20 22:25:53+00:00,414159749643395073,mikecarrol,Target Gives Shoppers 10 Percent Off  This Weekend: Following a cyberattack that compromised the credit card d... http://t.co/aMkBZqxQeo,http://bit.ly/1ciug1k,https://twitter.com/mikecarrol/status/414159749643395073
2013-12-20 22:25:53+00:00,414159747604938752,MoST_PR,[TIME_BIZTECH] Target Gives Shoppers 10 Percent Off  This Weekend: Following a cyberattack that compromised th... http://t.co/sldrCIZXPF,http://bit.ly/1ciud5I,https://twitter.com/MoST_PR/status/414159747604938752
2013-12-20 22:25:53+00:00,414159747089047557,Sweeney1J,Target Gives Shoppers 10 Percent Off  This Weekend: Following a cyberattack that compromised the credit card d... http://t.co/dpg6tjUZUX,http://ti.me/JQCodD,https://twitter.com/Sweeney1J/status/414159747089047557
2013-12-20 21:48:47+00:00,414150413232115712,Canoe,Investigators believe that overseas hackers were responsible for the cyber attack on  Target in the U.S. http://t.co/IpY6E0vXKQ,http://ow.ly/rY8eR,https://twitter.com/Canoe/status/414150413232115712
2013-12-20 21:48:47+00:00,414150412410036224,Canoe_MONEY,Investigators believe that overseas hackers were responsible for the cyber attack on  Target in the U.S. http://t.co/4aKq5wrZaK,http://ow.ly/rY898,https://twitter.com/Canoe_MONEY/status/414150412410036224
2013-12-20 20:54:42+00:00,414136801016557568,DhanyaTweets,BREAKING: Investigators believe overseas hackers were responsible for the cyber attack on @Target that compromised upto 40 mln payment cards,,https://twitter.com/DhanyaTweets/status/414136801016557568
2013-12-20 20:01:02+00:00,414123298084356096,Vormetric,Target #DataBreach confirms retailers are increasingly at risk of #CyberAttack http://t.co/HBuNjL7dO3 #ProtectWhatMatters,http://ow.ly/rWDKz,https://twitter.com/Vormetric/status/414123298084356096
2013-12-20 19:04:39+00:00,414109106543529985,SnippInc,"As many as 40 million debit &amp; credit cards lay victim to a cyber attack on @Target, U.S. Secret Service investigates- http://t.co/iR0ClBPiAa",http://ow.ly/rXHxQ,https://twitter.com/SnippInc/status/414109106543529985
2013-12-20 18:20:49+00:00,414098077281054720,catalyst,"Likely more important than the Target breach... 

New cyber attack against The Washington Post  http://t.co/2IxUjDQePU",http://securityaffairs.co/wordpress/20626/cyber-crime/the-washington-post-cyberespionage.html,https://twitter.com/catalyst/status/414098077281054720
2013-12-20 17:58:11+00:00,414092379130716161,joemcelhaney,"This might put a damper on holiday sales - Target suffers major cyber attack, 40 million customers affected - http://t.co/1EN3saBONE",http://buff.ly/1fpIQlW,https://twitter.com/joemcelhaney/status/414092379130716161
2013-12-20 16:22:45+00:00,414068363216687104,Daengineernet,"This holiday cyber attack on Target, U.S 3rd largest retail store is the second largest breach suffered by a retailer http://t.co/oLJwXdds8u",http://j.mp/1dWxcxV,https://twitter.com/Daengineernet/status/414068363216687104
2013-12-20 16:18:50+00:00,414067375760101376,Evigocom,Target: drop in customer trust after massive cyberattack http://t.co/0zdL45efy9,http://wp.me/p4bqe2-2vr,https://twitter.com/Evigocom/status/414067375760101376
2013-12-20 15:00:26+00:00,414047646118993921,TheSoulfulEMU,40 million hit in Target card heist http://t.co/7chIfYfRRW via @BBCBusiness @suher21 #CyberAttack http://t.co/qyQVrWYOaZ,http://bbc.in/JMmIbz,https://twitter.com/TheSoulfulEMU/status/414047646118993921
2013-12-20 14:35:11+00:00,414041294604754944,augustagabuzz,Cyber attack on Target leaves customers vulnerable to fraud: Target says hackers may have accessed 40 million... http://t.co/hC3hiu99JJ,http://dlvr.it/4Y4DBp,https://twitter.com/augustagabuzz/status/414041294604754944
2013-12-20 14:32:17+00:00,414040565526040576,pymnts,.expert opinion on @Target cyberattack – listen in on what could have prevented it http://t.co/601z36ZAIh,http://ow.ly/rX0Sy,https://twitter.com/pymnts/status/414040565526040576
2013-12-20 14:09:56+00:00,414034940347424768,NKDCOM,"40 mln credit cards imperilled in cyber attack on US retail giant Target: London, Dec. 20 : Payment details of... http://t.co/j47oualpZC",http://bit.ly/1kpCWVA,https://twitter.com/NKDCOM/status/414034940347424768
2013-12-20 14:07:01+00:00,414034206113546240,PositronicBlain,"""Target was a target for a cyber attack targeting credit card numbers""- ABC news. If you say Target three times, do discounts appear? #Hope",,https://twitter.com/PositronicBlain/status/414034206113546240
2013-12-20 11:35:06+00:00,413995971794960384,tonistarks95,Damn Target got hit with a cyber attack,,https://twitter.com/tonistarks95/status/413995971794960384
2013-12-20 10:33:30+00:00,413980470439727105,gnews_us,40 mn credit cards imperilled in cyber attack on US retail giant Target - Zee News http://t.co/w9E8wELmZE,http://news.google.com/news/url?sa=t&fd=R&usg=AFQjCNGKhdtihrNAvKwzaFGq6VkawsA2Ew&url=http://zeenews.india.com/news/net-news/40-mn-credit-cards-imperilled-in-cyber-attack-on-us-retail-giant-target_898132.html,https://twitter.com/gnews_us/status/413980470439727105
2013-12-20 09:09:09+00:00,413959244048637952,lazworld,Google Buzz: 40 mn credit cards imperilled in cyber attack on US retail giant Target - Zee News: 40 mn credit ... http://t.co/QpeENBOWJM,http://bit.ly/1dVdOB6,https://twitter.com/lazworld/status/413959244048637952
2013-12-20 08:34:10+00:00,413950439063699456,Manthan118,40 mn credit cards imperilled in cyber attack on US retail giant Target: Payment details of up to 40 million c... http://t.co/Zht6NPPuUq,http://bit.ly/1l0pnt2,https://twitter.com/Manthan118/status/413950439063699456
2013-12-20 08:06:14+00:00,413943409234022400,LPretailsec,Why we won't learn from the Target cyber  attack: http://t.co/GVTurs6GZ2... http://t.co/1unEspprFW,http://www.latimes.com/business/la-fi-target-cyber-crime-201 http://bit.ly/1jojH0x,https://twitter.com/LPretailsec/status/413943409234022400
2013-12-20 07:49:05+00:00,413939094020841472,newsr_IN,40 million credit cards imperilled in cyber attack on US retail giant Target.. http://t.co/rmpgWq6hw9,http://newsr.in/n/Science/74w63ggja/40-million-credit-cards-imperilled-in-cyber-attack.htm,https://twitter.com/newsr_IN/status/413939094020841472
2013-12-20 07:44:31+00:00,413937947080019968,haneef_andaman,40 million credit cards imperilled in cyber attack on US retail giant Target:  http://t.co/vlQ12PE6Cy,http://bit.ly/1cg2e6G,https://twitter.com/haneef_andaman/status/413937947080019968
2013-12-20 07:44:26+00:00,413937924166537216,news_in,40 million credit cards imperilled in cyber attack on US retail giant Target:  http://t.co/kHxcmCYAq5,http://bit.ly/1cg2e6G,https://twitter.com/news_in/status/413937924166537216
2013-12-20 07:44:24+00:00,413937914960031744,mumbaitimes,40 million credit cards imperilled in cyber attack on US retail giant Target:  http://t.co/O3BBkibc5l Mumbai Times,http://bit.ly/1cg2ceV,https://twitter.com/mumbaitimes/status/413937914960031744
2013-12-20 07:43:47+00:00,413937759569465344,topheadlinesnew,"40 mln credit cards imperilled in cyber attack on US retail giant Target: Tweet London, Dec. 20 (ANI): Payment... http://t.co/bTUnXOkpq7",http://bit.ly/1koFsvk,https://twitter.com/topheadlinesnew/status/413937759569465344
2013-12-20 07:43:10+00:00,413937605261029377,news_in,40 million credit cards imperilled in cyber attack on US retail giant Target http://t.co/tsqTuzwcZi #til_now #news #DNA,http://dlvr.it/4XxVyG,https://twitter.com/news_in/status/413937605261029377
2013-12-20 06:57:56+00:00,413926223320842240,newstrackindia,40 mln credit cards imperilled in cyber attack on US retail giant Target ... http://t.co/UAQ8W5PzEr,http://tinyurl.com/p22wdph,https://twitter.com/newstrackindia/status/413926223320842240
2013-12-20 06:13:20+00:00,413915000441303040,vikalp,"Target suffers major cyber attack, 40 million customers affected -... http://t.co/vmIJqrRKrP",http://lnkd.in/bnSDRsP,https://twitter.com/vikalp/status/413915000441303040
2013-12-20 04:36:09+00:00,413890542016409601,augustagabuzz,Cyber attack on Target leaves customer's vulnerable to fraud: Target says hackers may have accessed 40 million... http://t.co/4aMRKxUAXN,http://dlvr.it/4Xvs59,https://twitter.com/augustagabuzz/status/413890542016409601
2013-12-20 04:05:07+00:00,413882730649112576,augustagabuzz,Cyber attack on Target leaves customer's vulnerable to fraud: Target says hackers may have accessed 40 million... http://t.co/b83efYrbiA,http://dlvr.it/4XvZ2g,https://twitter.com/augustagabuzz/status/413882730649112576
2013-12-20 04:03:05+00:00,413882219779088384,WFXGFOX54,Cyber attack on Target leaves customer's vulnerable to fraud http://t.co/cgfV7MBFal,http://bit.ly/1esae6d,https://twitter.com/WFXGFOX54/status/413882219779088384
2013-12-19 23:12:23+00:00,413809064162758658,MaricrisG,"For a @Target shopper as I, it's VERY scary to know that they were a recent victim of cyber-attack. Really makes you want to go cash only.",,https://twitter.com/MaricrisG/status/413809064162758658
2013-12-19 20:08:34+00:00,413762805234294784,The_Rock_WCCC,Will you still shop at Target after the credit card cyber attack? - CRAIG http://t.co/3dEDOGm5Ss,http://fb.me/18cRIySDy,https://twitter.com/The_Rock_WCCC/status/413762805234294784
2013-12-19 20:00:38+00:00,413760808221696000,lindzersm,"Keep an eye out: RT From @washbizonline: @Target suffers major #cyber attack, 40 million customers affected: http://t.co/P3eNXL9AOq",http://bizj.us/tyir3,https://twitter.com/lindzersm/status/413760808221696000
2013-12-19 19:16:00+00:00,413749573400948737,TheFatQuagmire,40 million credit card numbers taken in the Target cyber attack?,,https://twitter.com/TheFatQuagmire/status/413749573400948737
2013-12-19 17:16:52+00:00,413719594767900672,GeekInfoNow,How to Check If Hackers Stole Your Data in Massive Target Breach http://t.co/dfFz8Q47c3 #Target #Lastpass #Cyberattack #Tech,http://dlvr.it/4XmFdr,https://twitter.com/GeekInfoNow/status/413719594767900672
2013-12-19 17:15:41+00:00,413719296255074304,msagar,#Target Investigates #Cyberattack stealing #CreditCard Data for 40 million customers http://t.co/SBJ7NOunLM,http://nyti.ms/JDOEh7,https://twitter.com/msagar/status/413719296255074304
2013-12-19 15:43:09+00:00,413696010880561152,LeeMargolies,"Target suffers major cyber attack, 40 million customers affected - Washington Business Journal http://t.co/Ye94IPermI",http://lnkd.in/d2P52Dp,https://twitter.com/LeeMargolies/status/413696010880561152
2013-12-19 15:30:01+00:00,413692706548768768,eCoreTechnoS,"#eCore #HT : Target suffers major #Cyberattack, 40 million customers affected ... http://t.co/0wnRRF5wDg  | #InfoSec",http://HackingTechnologies.com/jT7ifLtH,https://twitter.com/eCoreTechnoS/status/413692706548768768
2013-12-19 15:10:41+00:00,413687839361335296,Sec_Cyber,"Target suffers major cyber attack, 40 million customers affected http://t.co/hNjpOMuqnB #cyber #security",http://bit.ly/18AYmw3,https://twitter.com/Sec_Cyber/status/413687839361335296
2013-12-19 14:49:05+00:00,413682402150457344,WBJonline,".@Target suffers major #cyber attack, 40 million customers affected: http://t.co/8MyoKw6sKH",http://bizj.us/tyir3,https://twitter.com/WBJonline/status/413682402150457344
2013-12-19 14:40:33+00:00,413680257200168960,WashingtonCP,"Target suffers major cyber attack, 40 million customers affected: Target has suffered a major security breach... http://t.co/woVbHfH8ic",http://dlvr.it/4Xjncv,https://twitter.com/WashingtonCP/status/413680257200168960
2013-12-19 14:36:05+00:00,413679133067968513,washdcnews,"Target suffers major cyber attack, 40 million customers affected http://t.co/QAx0H8mPCU",http://dlvr.it/4Xjj2Q,https://twitter.com/washdcnews/status/413679133067968513
2013-12-19 14:32:40+00:00,413678273915146240,VASmallBz,"[DC Biz Journal] Target suffers major cyber attack, 40 million customers affected http://t.co/MTX5DhZXPD",http://dlvr.it/4XjfdM,https://twitter.com/VASmallBz/status/413678273915146240
2013-12-19 14:32:37+00:00,413678258287161344,DCSmallBz,"[DC Biz Journal] Target suffers major cyber attack, 40 million customers affected http://t.co/zTEKURK5Je",http://dlvr.it/4XjfZ9,https://twitter.com/DCSmallBz/status/413678258287161344
2013-12-19 14:32:36+00:00,413678253706989568,MDSmallBz,"[DC Biz Journal] Target suffers major cyber attack, 40 million customers affected http://t.co/ZlHMd81m6f",http://dlvr.it/4XjfXX,https://twitter.com/MDSmallBz/status/413678253706989568
2013-12-19 14:27:19+00:00,413676926264279040,relogal,"Target suffers major cyber attack, 40 million customers affected: Target has suffered a major security breach ... http://t.co/unUfYioRKM",http://bit.ly/JGE8Wm,https://twitter.com/relogal/status/413676926264279040
2013-12-19 14:25:06+00:00,413676368967114753,CyberScout,"#Target: 40M card accounts may be breached
http://t.co/hWug345eB0 #breach #targetbreach #hack #cyberattack #redcard",http://wapo.st/J7D7pI,https://twitter.com/CyberScout/status/413676368967114753
2013-12-19 13:18:29+00:00,413659604065976321,obxleatherman,"If your company's name is Target, aren't you kind of inviting a cyber attack?",,https://twitter.com/obxleatherman/status/413659604065976321
2013-12-19 13:02:46+00:00,413655646547230720,Victor_Hernadez,Target had a major cyber attack? This is why I've gone to cash.,,https://twitter.com/Victor_Hernadez/status/413655646547230720
2013-12-19 04:43:49+00:00,413530082679201792,ArabianGazette,Target Hit by Credit-Card Breach http://t.co/Ham75kd6P9 #cyberattack,http://buff.ly/J6LXE1,https://twitter.com/ArabianGazette/status/413530082679201792
2013-12-17 10:18:41+00:00,412889579503779840,CyberRecce,Port Strategy; - A soft target - How many ports remain unaware they are under #cyber attack? http://t.co/t4EyW0c06p,http://bit.ly/1dJ3JY9,https://twitter.com/CyberRecce/status/412889579503779840
2013-12-13 09:20:10+00:00,411425300396793856,sciencetwits,"#space  #astronomy Iran's fears of being a target cloud nuke talks: VIENNA (AP) — Assassinations, cyber-attack... http://t.co/2YPsULQuTA",http://yhoo.it/1kFjh19,https://twitter.com/sciencetwits/status/411425300396793856
