Datetime,Tweet ID,Username,Text,Links,URL
2016-03-26 22:10:26+00:00,713850623599489025,markinjax,"https://t.co/57UZEpyipH - Cyber hack gained access to more than 700,000 IRS accounts https://t.co/7Z77IfU3xL",http://www.sellersclickhere.com http://a.msn.com/00/en-us/BBq3Edg?ocid=st,https://twitter.com/markinjax/status/713850623599489025
2016-03-25 16:10:31+00:00,713397662691753985,markinjax,"https://t.co/57UZEpyipH - Cyber hack gained access to more than 700,000 IRS accounts https://t.co/7Z77IfU3xL",http://www.sellersclickhere.com http://a.msn.com/00/en-us/BBq3Edg?ocid=st,https://twitter.com/markinjax/status/713397662691753985
2016-03-24 16:50:10+00:00,713045250311380994,markinjax,"https://t.co/57UZEpyipH - Cyber hack gained access to more than 700,000 IRS accounts https://t.co/7Z77IfU3xL https://t.co/PY2LGAyQr5",http://www.sellersclickhere.com http://a.msn.com/00/en-us/BBq3Edg?ocid=st,https://twitter.com/markinjax/status/713045250311380994
2016-03-19 20:35:08+00:00,711289929175846912,markinjax,"https://t.co/57UZEpyipH - Cyber hack gained access to more than 700,000 IRS accounts https://t.co/7Z77IfU3xL https://t.co/bUbpoqwxOD",http://www.sellersclickhere.com http://a.msn.com/00/en-us/BBq3Edg?ocid=st,https://twitter.com/markinjax/status/711289929175846912
2016-03-14 11:00:41+00:00,709333423073140736,TeskaLabs,"#Cyber hack gained access to more than 700,000 @IRS  accounts https://t.co/WIZW3slYgJ @usatoday @kmccoynyc: https://t.co/zrcfXkKPUH",http://buff.ly/24tB5pK,https://twitter.com/TeskaLabs/status/709333423073140736
2016-03-13 19:40:13+00:00,709101782094454785,markinjax,"https://t.co/57UZEpyipH - Cyber hack gained access to more than 700,000 IRS accounts https://t.co/7Z77IfU3xL",http://www.sellersclickhere.com http://a.msn.com/00/en-us/BBq3Edg?ocid=st,https://twitter.com/markinjax/status/709101782094454785
2016-03-09 17:41:22+00:00,707622318999212033,kidsmoney,"Cyber hack got access to over 700,000 IRS accounts - was one yours? https://t.co/q08dpO9Sa3",http://usat.ly/210cXq5,https://twitter.com/kidsmoney/status/707622318999212033
2016-03-08 19:20:12+00:00,707284802748223489,skarpsinne_info,"Cyber hack got access to over 700,000 IRS accounts https://t.co/bKxtmu6B4e #IRSSCAM #IRSHACK",http://buff.ly/1TpqOqV,https://twitter.com/skarpsinne_info/status/707284802748223489
2016-03-08 05:35:53+00:00,707077359216627713,CyberSecDN,The IRS is using a system that was #hacked to protect victims of a #hack-and it was just #hacked https://t.co/DufEC5kfx2 via @Sec_Cyber,http://bit.ly/1ONUN43,https://twitter.com/CyberSecDN/status/707077359216627713
2016-03-08 04:45:42+00:00,707064729701904386,askme2buiitdl,"Cyber hack gained access to more than 700,000 IRS accounts",,https://twitter.com/askme2buiitdl/status/707064729701904386
2016-03-07 23:50:21+00:00,706990400993628160,markinjax,"https://t.co/57UZEpyipH - Cyber hack gained access to more than 700,000 IRS accounts https://t.co/7Z77IfU3xL https://t.co/V5AUqOwBMI",http://www.sellersclickhere.com http://a.msn.com/00/en-us/BBq3Edg?ocid=st,https://twitter.com/markinjax/status/706990400993628160
2016-03-07 13:31:32+00:00,706834669627510784,AparichevMega,Cyber hack gained access to more than 700000 IRS accounts - USA TODAY,,https://twitter.com/AparichevMega/status/706834669627510784
2016-03-06 19:03:59+00:00,706555946722406401,honaradio,"Cyber hack gained access to more than 700,000 IRS¬†accounts https://t.co/F02mAChnUc https://t.co/Zz7ymi7H8v",http://honaradiousa.net/?p=9995,https://twitter.com/honaradio/status/706555946722406401
2016-03-06 18:21:01+00:00,706545131701334018,2dzmnlqiiz,"Cyber hack gained access to more than 700,000 IRS accounts",,https://twitter.com/2dzmnlqiiz/status/706545131701334018
2016-03-06 17:26:18+00:00,706531365253214208,SmfldME,Cyber hack gained access to more than 700000 IRS accounts - USA TODAY,,https://twitter.com/SmfldME/status/706531365253214208
2016-03-06 12:09:00+00:00,706451512524804098,DaddysTips,"Cyber hack got access to over 700,000 IRS accounts
#security #irs #cybersecurity 
https://t.co/inBRISUmml",http://usat.ly/210cXq5,https://twitter.com/DaddysTips/status/706451512524804098
2016-03-06 10:49:39+00:00,706431543355441152,CyberSecDN,IRS alerts more taxpayers to tax record #hack https://t.co/X4K9Bc6vlH via @Sec_Cyber,http://bit.ly/1LsdzmP,https://twitter.com/CyberSecDN/status/706431543355441152
2016-03-05 23:02:00+00:00,706253456982429696,YourSecAdviser,"Cyber hack got access to over 700,000 IRS accounts
#security #irs #cybersecurity 
https://t.co/6LjYjM7adW",http://usat.ly/210cXq5,https://twitter.com/YourSecAdviser/status/706253456982429696
2016-03-05 14:21:08+00:00,706122375327313921,netsecu,"WCNC: Cyber hack gained access to more than 700,000 IRS accounts | https://t.co/IDJuSOnY8S, https://t.co/PVwlF3jz6S #security",http://WCNC.com http://netsecu.org/i/3b1fbecd9,https://twitter.com/netsecu/status/706122375327313921
2016-03-05 13:31:23+00:00,706109858714669060,valiantsolution,"CYBER HACK HAVE BREACHED OVER 700,000 IRS ACCOUNTS https://t.co/lJNO66JS1i https://t.co/1izq13hf3L",http://ow.ly/YQIPG http://fb.me/13NlZbxuj,https://twitter.com/valiantsolution/status/706109858714669060
2016-03-05 13:31:17+00:00,706109833083297792,ValiantHUBZone,"CYBER HACK HAVE BREACHED OVER 700,000 IRS ACCOUNTS https://t.co/Qw1uIYoGja",http://ow.ly/YQIPG,https://twitter.com/ValiantHUBZone/status/706109833083297792
2016-03-05 07:56:29+00:00,706025577518600192,IllicitMonitor,"Cyber hack gained access to more than 700,000 IRS accounts #DataSecurity #US https://t.co/nzIEMzHcdz  @NTSscamsteam https://t.co/lYwHsHdvK0",http://buff.ly/21MG3LZ,https://twitter.com/IllicitMonitor/status/706025577518600192
2016-03-04 06:57:47+00:00,705648416676671489,ChuckNorton1,"Cyber hack got access to over 700,000 IRS accounts https://t.co/olEcKLKAMt via @usatoday",http://usat.ly/210cXq5,https://twitter.com/ChuckNorton1/status/705648416676671489
2016-03-03 23:28:54+00:00,705535450820304899,ForthRightStrat,"Cyber hack got access to over 700,000 IRS accounts https://t.co/7BdPNPxavN via @usatoday",http://usat.ly/210cXq5,https://twitter.com/ForthRightStrat/status/705535450820304899
2016-03-03 09:48:01+00:00,705328868010303488,CyberSecDN,Cyber hack got access to over 700000 IRS accounts - USA TODAY https://t.co/lyeCEhjn3T #InfoSec #CyberSecurity via @CyberHitchhiker,http://news.google.com/news/url?sa=t&fd=R&ct2=us&usg=AFQjCNH-bzkfntaRegeeqNRmKg8g3pD-Dw&clid=c3a7d30bb8a4878e06b80cf16b898331&cid=52779053556922&ei=EULRVoC7FozL3gHR4a-QBw&url=http://www.usatoday.com/story/money/2016/02/26/cyber-hack-gained-access-more-than-700000-irs-accounts/80992822/,https://twitter.com/CyberSecDN/status/705328868010303488
2016-03-03 03:58:23+00:00,705240881930989569,Darrin_Mish,"Cyber hack got access to over 700,000 IRS accounts https://t.co/cBm8LqFMUm",http://usat.ly/210cXq5,https://twitter.com/Darrin_Mish/status/705240881930989569
2016-03-02 15:45:37+00:00,705056472833646592,MidwestCyber,"Cyber hack got access to over 700,000 IRS accounts https://t.co/tcHu9RjXUf #cybersecurity #infosec",http://ow.ly/YW1Ul,https://twitter.com/MidwestCyber/status/705056472833646592
2016-03-02 15:27:42+00:00,705051966435491841,CyberSecDN,IRS Learns 390000 More Taxpayers May Have Been Victims of Last Year's #hack https://t.co/6EHmSEhtku via @Sec_Cyber,http://ti.me/1TcDsK5,https://twitter.com/CyberSecDN/status/705051966435491841
2016-03-02 14:03:31+00:00,705030779156430849,DylanChambers_,"Cyber hack have breached over 700,000 IRS accounts https://t.co/wMHsmRaKkh",http://microcapmagazine.com/2016-02-27-cyber-hack-have-breached-over-700000-irs-accounts,https://twitter.com/DylanChambers_/status/705030779156430849
2016-03-02 14:03:31+00:00,705030778946777089,IDology,"Cyber hack have breached over 700,000 IRS accounts https://t.co/4WeG0hQT5g",http://microcapmagazine.com/2016-02-27-cyber-hack-have-breached-over-700000-irs-accounts,https://twitter.com/IDology/status/705030778946777089
2016-03-02 09:35:44+00:00,704963390515466240,CyberSecDN,#CyberSecurity Cyber hack gained access to more than 700000 IRS accounts https://t.co/ajLCaYeokZ #InfoSec via @CyberExaminer,http://dfi.io/Kcxpmy,https://twitter.com/CyberSecDN/status/704963390515466240
2016-03-01 20:10:53+00:00,704760844656185344,CDTLLC,"Cyber hack got access to over 700,000 IRS accounts (USA Today) https://t.co/n6LyyvY2YK",http://ow.ly/YRFC4,https://twitter.com/CDTLLC/status/704760844656185344
2016-03-01 16:00:13+00:00,704697761996918785,ActualizedVisio,"Cyber hack gained access to more than 700,000 IRS accounts
https://t.co/3tQxVosI8L
#FinancialPlanning#MarcAsheghian https://t.co/GA7pXjZZoQ",http://buff.ly/1QMkV6X,https://twitter.com/ActualizedVisio/status/704697761996918785
2016-03-01 16:00:11+00:00,704697750928105473,MerhdaAsheghian,"Cyber hack gained access to more than 700,000 IRS accounts
https://t.co/MlVT26YVtV
#FinancialPlanning#MarcAsheghian https://t.co/dTXGBg8oDu",http://buff.ly/1QMkXM3,https://twitter.com/MerhdaAsheghian/status/704697750928105473
2016-03-01 15:17:01+00:00,704686889626775552,SiegelTaxLaw,"Cyber hack got access to over 700,000 IRS accounts https://t.co/y3xqhpuZqy via @USATODAY",http://usat.ly/210cXq5,https://twitter.com/SiegelTaxLaw/status/704686889626775552
2016-03-01 04:59:03+00:00,704531374699577344,krunox123,Cyber hack got access to over 700000 IRS accounts - USA TODAY https://t.co/3hNwrqiQm5,http://ift.tt/1Tjkulh,https://twitter.com/krunox123/status/704531374699577344
2016-03-01 04:52:54+00:00,704529823058804737,markinjax,"https://t.co/57UZEpyipH - Cyber hack gained access to more than 700,000 IRS accounts https://t.co/7Z77IfU3xL",http://www.sellersclickhere.com http://a.msn.com/00/en-us/BBq3Edg?ocid=st,https://twitter.com/markinjax/status/704529823058804737
2016-03-01 03:55:12+00:00,704515304676786176,RobertKuhlmann,"Cyber hack gained access to more than 700,000 IRS accounts https://t.co/BWFR2hmWUK",http://usat.ly/210cXq5,https://twitter.com/RobertKuhlmann/status/704515304676786176
2016-03-01 01:57:28+00:00,704485673865252865,morricles,"Cyber hack got access to over 700,000 IRS accounts https://t.co/3yuYY7uyIf",http://ln.is/www.usatoday.com/sto/qt0iA,https://twitter.com/morricles/status/704485673865252865
2016-03-01 01:56:01+00:00,704485311536046080,morricles,"Cyber hack got access to over 700,000 IRS accounts https://t.co/zbBZA12Xgs via @usatoday",http://ln.is/www.usatoday.com/sto/V6LqI,https://twitter.com/morricles/status/704485311536046080
2016-03-01 00:24:00+00:00,704462154087313408,NHLearningGroup,"Cyber hack gained access to more than 700,000 IRS accounts https://t.co/YVfTCdPr4N",http://usat.ly/210cXq5,https://twitter.com/NHLearningGroup/status/704462154087313408
2016-03-01 00:05:12+00:00,704457420987305984,HHCPAs,"Cyber hack gained access to more than 700,000 IRS accounts via @USATODAYMoney https://t.co/V4jK5RuB1g #IRS #tax #cyberattack",http://owl.li/YTWBg,https://twitter.com/HHCPAs/status/704457420987305984
2016-02-29 23:07:06+00:00,704442802197794816,hautahbuhgee,"Cyber hack got access to over 700,000 IRS accounts
 https://t.co/gDVotyQb2P",http://www.stripes.com/1.396447,https://twitter.com/hautahbuhgee/status/704442802197794816
2016-02-29 22:49:56+00:00,704438482232590336,Jesmelewis14701,"Cyber Hack: 700,000 IRS Accounts Compromised  https://t.co/KCeq8bUTTC via @CClipinista",http://ln.is/couponclipinista.com/jtbd8,https://twitter.com/Jesmelewis14701/status/704438482232590336
2016-02-29 22:11:35+00:00,704428830363099136,coesolutions,"Cyber hack got access to over 700,000 IRS accounts. #cyberhack #IRS #CoeSolutions #NOLA https://t.co/WQbP6BzY8l",http://tinyurl.com/arfr5t,https://twitter.com/coesolutions/status/704428830363099136
2016-02-29 21:25:11+00:00,704417154955939840,DarwinArias,"Cyber hack gained access to more than 700,000 IRS accounts https://t.co/oz6o28F0i1",http://usat.ly/210cXq5,https://twitter.com/DarwinArias/status/704417154955939840
2016-02-29 21:10:40+00:00,704413501352243200,rcrockett,Cyber hack got access to over 700K IRS accounts. The info. potentially stolen includes SSN &amp; birth dates. https://t.co/iVlZhmTpl6  @usatoday,http://usat.ly/1TdBKIB,https://twitter.com/rcrockett/status/704413501352243200
2016-02-29 19:52:18+00:00,704393778984046593,GriffissInst,"#Cyber #hack got access to over 700,000 #IRS accounts https://t.co/fmXkZ0zD53",http://buff.ly/1oJnFFp,https://twitter.com/GriffissInst/status/704393778984046593
2016-02-29 19:22:24+00:00,704386252192268288,uribe100,"Cyber hack got access to over 700,000 IRS accounts https://t.co/jVoCSdof8F",http://fb.me/7LRXJQ0ma,https://twitter.com/uribe100/status/704386252192268288
2016-02-29 18:35:40+00:00,704374495167909888,mzee26,"Cyber hack got access to over 700,000 IRS accounts https://t.co/PWwsLyqr9l via @usatoday",http://usat.ly/210cXq5,https://twitter.com/mzee26/status/704374495167909888
2016-02-29 17:38:05+00:00,704360001821929472,aglongo,"Cyber hack got access to over 700,000 IRS accounts https://t.co/mNM2Eafhxr https://t.co/ymKVWVn6Ig",http://buff.ly/1XQWfJP,https://twitter.com/aglongo/status/704360001821929472
2016-02-29 17:02:01+00:00,704350925482299392,BudgetReferee,"A cyber hack of the #IRS potentially exposed over 700K #taxpayer accounts, more than double the previous estimate https://t.co/VKKfNKfTin",http://usat.ly/24tGVaH,https://twitter.com/BudgetReferee/status/704350925482299392
2016-02-29 16:40:11+00:00,704345428922343424,ePlaceInc,"Cyber hack got access to over 700,000 IRS accounts
https://t.co/EIMwen7gk8 #cyber #cybersecurity",http://ow.ly/YT5x6,https://twitter.com/ePlaceInc/status/704345428922343424
2016-02-29 16:18:11+00:00,704339893649084416,dcropper,"Cyber hack gained access to more than 700,000 IRS accounts https://t.co/NJNrHHOEtm #infosec",http://buff.ly/1XVmO0C,https://twitter.com/dcropper/status/704339893649084416
2016-02-29 15:26:02+00:00,704326768518262784,Gollotti,"Cyber hack got access to over 700,000 IRS accounts
#security #irs #cybersecurity 
https://t.co/sgVPDKuLK2",http://usat.ly/210cXq5,https://twitter.com/Gollotti/status/704326768518262784
2016-02-29 14:43:52+00:00,704316160662044673,TheEndOfAustin,"Cyber #hack got access to over 700,000 #IRS accounts https://t.co/ZtE29LtMWM via @USATODAY",http://usat.ly/210cXq5,https://twitter.com/TheEndOfAustin/status/704316160662044673
2016-02-29 14:38:57+00:00,704314922436534272,NiroRecruitment,"IRS hack: Over 700,000 US taxpayer accounts compromised in cyberattack - https://t.co/gM9ydDDWa8 #Cyber #InfoSec #Hack #US",http://www.ibtimes.co.uk/irs-hack-over-700000-us-taxpayer-accounts-compromised-cyberattack-1546599,https://twitter.com/NiroRecruitment/status/704314922436534272
2016-02-29 14:11:16+00:00,704307953847775233,vishne0,#cyber hack gained access to more than 700000 IRS accounts  https://t.co/rkgwCADPX5,http://www.inlandnewstoday.com/story.php?s=41312,https://twitter.com/vishne0/status/704307953847775233
2016-02-29 13:18:12+00:00,704294600408584192,reddragonleo,Cyber hack breached more than 700000 IRS¬†accounts https://t.co/cfz6RuX4FA https://t.co/NLZNqjTPYZ,http://reddragonleo.com/2016/02/29/cyber-hack-breached-more-than-700000-irs-accounts/,https://twitter.com/reddragonleo/status/704294600408584192
2016-02-29 12:25:21+00:00,704281300648251393,LeslieAnneBard,"Cyber hack got access to over 700,000 IRS accounts https://t.co/Bh1rabTnjd",http://www.stripes.com/news/us/cyber-hack-got-access-to-over-700-000-irs-accounts-1.396447,https://twitter.com/LeslieAnneBard/status/704281300648251393
2016-02-29 12:00:27+00:00,704275032206413824,TheCount306,"Cyber hack got access to over 700,000 IRS accounts. https://t.co/hDXtTlXkYM via @USATODAY",http://usat.ly/210cXq5,https://twitter.com/TheCount306/status/704275032206413824
2016-02-29 11:42:09+00:00,704270428626259968,rduda,"Cyber hack got access to over 700,000 IRS accounts https://t.co/Ffz47Nj8kx via @KING5Seattle",http://usat.ly/210cXq5,https://twitter.com/rduda/status/704270428626259968
2016-02-29 10:49:27+00:00,704257167939899392,kchappellnews,A cyber hack on the IRS is worse than initially thought. The story at 4:55 #CBS58AM,,https://twitter.com/kchappellnews/status/704257167939899392
2016-02-29 10:06:43+00:00,704246412918300672,itassessors,"A cyber hack of the IRS potentially exposed over 700K taxpayer accounts, more than double the previous estimate https://t.co/gKXKTbFJzy",http://usat.ly/24tGVaH,https://twitter.com/itassessors/status/704246412918300672
2016-02-29 09:55:16+00:00,704243528797429760,USATODAYmoney,"A cyber hack of the IRS potentially exposed over 700K taxpayer accounts, more than double the previous estimate https://t.co/axTXK4LgCk",http://usat.ly/24tGVaH,https://twitter.com/USATODAYmoney/status/704243528797429760
2016-02-29 07:45:04+00:00,704210766413443072,missliz34,"Cyber hack gained access to more than 700,000 IRS accounts https://t.co/r8jAOCY61X",http://on.wcnc.com/1Re5GOh,https://twitter.com/missliz34/status/704210766413443072
2016-02-29 07:45:02+00:00,704210756443570176,wcnc,"Cyber hack gained access to more than 700,000 IRS accounts https://t.co/DlOmfuneMj",http://on.wcnc.com/1Re5GOh,https://twitter.com/wcnc/status/704210756443570176
2016-02-29 00:32:22+00:00,704101873477881857,Punisher313,"Cyber hack got access to over 700,000 IRS accounts https://t.co/58NIrQZgRW via @usatoday",http://usat.ly/210cXq5,https://twitter.com/Punisher313/status/704101873477881857
2016-02-29 00:27:51+00:00,704100735210795008,vishne0,#cyber hack gained access to more than 700000 IRS accounts  https://t.co/XkarPIGmfe,http://www.ksdk.com/news/crime/cyber-hack-gained-access-to-more-than-700000-irs-accounts/57608998,https://twitter.com/vishne0/status/704100735210795008
2016-02-28 23:34:30+00:00,704087307746308096,vishne0,#cyber hack got access to over 700000 IRS accounts  https://t.co/LSJoIrUcfP,http://www.whas11.com/news/cyber-hack-got-access-to-over-700000-irs-accounts/57642198,https://twitter.com/vishne0/status/704087307746308096
2016-02-28 22:33:10+00:00,704071875912196096,Mr_Rahynes,"On tomorrow's show, we're covering a 2015 #IRS #cyber #hack, the #Oscars, behind the #BlackLivesMatter movement &amp; a #LeapYear pop quiz.",,https://twitter.com/Mr_Rahynes/status/704071875912196096
2016-02-28 22:31:00+00:00,704071328803000320,ChannelOneNews,"On tomorrow's show, we're covering a 2015 #IRS #cyber #hack, the #Oscars, behind the #BlackLivesMatter movement &amp; a #LeapYear pop quiz.",,https://twitter.com/ChannelOneNews/status/704071328803000320
2016-02-28 21:42:14+00:00,704059056261099520,zar1964,RT @WIRED: Last year‚Äôs IRS hack was way worse than we realized  https://t.co/XXfSAUAF1J via @Cyber_War_News,http://ln.is/www.wired.com/2016/0/6PvnN,https://twitter.com/zar1964/status/704059056261099520
2016-02-28 19:31:46+00:00,704026222498443264,vishne0,#cyber hack have breached over 700000 IRS accounts  https://t.co/uOOGwwMP3B,http://microcapmagazine.com/2016-02-27-cyber-hack-have-breached-over-700000-irs-accounts,https://twitter.com/vishne0/status/704026222498443264
2016-02-28 19:21:56+00:00,704023749356445698,MsChattiest,"Cyber hack breached more than 700,000 IRS accounts https://t.co/NWneu3LuxO",http://fb.me/7TDUREeyD,https://twitter.com/MsChattiest/status/704023749356445698
2016-02-28 19:16:02+00:00,704022265466191872,ariarmstrong,"""Cyber hack of the IRS potentially gained access to personal data from more than 700,000 taxpayer accounts."" https://t.co/2taUtTH9gX",http://www.usatoday.com/story/money/2016/02/26/cyber-hack-gained-access-more-than-700000-irs-accounts/80992822/,https://twitter.com/ariarmstrong/status/704022265466191872
2016-02-28 17:45:40+00:00,703999521936666624,TrofiMichael,"Cyber hack got access to over 700,000 IRS accounts https://t.co/TobGUlYCU3",https://lnkd.in/e9FDuTU,https://twitter.com/TrofiMichael/status/703999521936666624
2016-02-28 16:34:19+00:00,703981565689274368,dj_ztweet,"Cyber hack got access to over 700,000 IRS accounts https://t.co/z8aJC3j8ml via usatoday",http://usat.ly/210cXq5,https://twitter.com/dj_ztweet/status/703981565689274368
2016-02-28 14:25:19+00:00,703949101294096384,ITRadix,"Cyber hack gained access to more than 700,000 #IRS accounts. #cyberattack #cybercrime https://t.co/FPCMBQsYG7",http://ht.ly/YOEvv,https://twitter.com/ITRadix/status/703949101294096384
2016-02-28 13:05:08+00:00,703928922245894146,Votiro,"Cyber hack got access to over 700,000 IRS accounts https://t.co/orPHXLpLww via @kmccoynyc @usatoday #cybersecurity #hacked",http://ow.ly/YQhgp,https://twitter.com/Votiro/status/703928922245894146
2016-02-28 12:13:04+00:00,703915821739868162,NEWZFOX,"Cyber hack gained access to more than 700,000 IRS accounts https://t.co/rz0gM15Ilx",http://a.msn.com/01/en-us/BBq3Edg?ocid=st,https://twitter.com/NEWZFOX/status/703915821739868162
2016-02-28 11:56:42+00:00,703911701339504640,deafbutcute,"Cyber hack gained access to more than 700,000 IRS accounts https://t.co/1giq7W1Jug",http://fb.me/QpUcC5WZ,https://twitter.com/deafbutcute/status/703911701339504640
2016-02-28 11:09:05+00:00,703899719282479104,starsandstripes,"Cyber hack got access to over 700,000 IRS accounts: https://t.co/FPQAB5ihMQ",http://www.stripes.com/news/us/cyber-hack-got-access-to-over-700-000-irs-accounts-1.396447,https://twitter.com/starsandstripes/status/703899719282479104
2016-02-28 10:43:50+00:00,703893364177895425,esasahara,"Cyber hack got access to over 700,000 IRS accounts https://t.co/sH4EJkqXKf",http://www.stripes.com/news/us/cyber-hack-got-access-to-over-700-000-irs-accounts-1.396447,https://twitter.com/esasahara/status/703893364177895425
2016-02-28 08:42:54+00:00,703862930203258880,aqv21,"Cyber Hack Got Access To Over 700,000 IRS Accounts‚Ä¶ https://t.co/wmPkt2758u via @WeaselZippers #RedNationRising #TCOT #PJNET #AbolishtheIRS",http://www.weaselzippers.us/258996-cyber-hack-got-access-to-over-700000-irs-accounts/,https://twitter.com/aqv21/status/703862930203258880
2016-02-28 06:51:32+00:00,703834903289331712,FrancescaKimmet,Cyber hack got access to over 700000 IRS accounts,,https://twitter.com/FrancescaKimmet/status/703834903289331712
2016-02-28 06:44:30+00:00,703833135801196545,52124126,Cyber criminals have tried to hack data from hundreds of thousands of taxpayers: IRS https://t.co/uZspNeHUCu,http://ln.is/www.rawstory.com/201/M43IS,https://twitter.com/52124126/status/703833135801196545
2016-02-28 06:39:08+00:00,703831783985426432,Meadespcshop,"Cyber hack gained access to more than 700,000 IRS accounts https://t.co/zpPnLPh5mO",http://fb.me/VhI2XHFn,https://twitter.com/Meadespcshop/status/703831783985426432
2016-02-28 06:09:49+00:00,703824406968033280,jasminchill,"Last Year‚Äôs IRS Hack Was Way Worse Than We Realised...its now 700,000 people affected https://t.co/yaHO1P3Wnh #cyber",http://www.wired.com/2016/02/irs-hack-700000-accounts/,https://twitter.com/jasminchill/status/703824406968033280
2016-02-28 04:20:53+00:00,703796990082211841,beckysill,"CYPER HACK GOT ACCESS TO OVER 700,000 IRS ACCOUNTS (and you're not worried about identity theft?)

A 2015 cyber... https://t.co/WuVRmOIMBE",http://fb.me/5xt9VyoOM,https://twitter.com/beckysill/status/703796990082211841
2016-02-28 03:50:26+00:00,703789328124620800,pal29b,"Cyber Hack Got Access To Over 700,000 IRS Accounts‚Ä¶ | Weasel Zippers https://t.co/XutPpe1GYE",http://www.weaselzippers.us/258996-cyber-hack-got-access-to-over-700000-irs-accounts/,https://twitter.com/pal29b/status/703789328124620800
2016-02-28 03:09:36+00:00,703779051446493185,mandingomagazin,"Cyber hack gained access to more than 700,000 IRS accounts
https://t.co/BufbW0ozna... https://t.co/OH1TbrFWbw",http://a.msn.com/r/2/BBq3Edg?a=1&m=EN-US http://fb.me/3WrhRcDZ0,https://twitter.com/mandingomagazin/status/703779051446493185
2016-02-28 03:07:05+00:00,703778420287639552,JohnStefaniFI,Cyber hack got access to over 700k IRS accounts #Obamacare https://t.co/tWovY2Yn1X #TCOT #Liberal #BernieSanders https://t.co/CDh3eKcsfy,http://usat.ly/210cXq5,https://twitter.com/JohnStefaniFI/status/703778420287639552
2016-02-28 02:58:15+00:00,703776196392316928,CoxEpic,"Cyber hack got access to over 700,000 IRS accounts https://t.co/9tiSVzCa4Z",http://fb.me/7MlcmdLtC,https://twitter.com/CoxEpic/status/703776196392316928
2016-02-28 02:50:11+00:00,703774166634373120,bobeick,Cyber hack gained access to more than 700000 IRS accounts - USA TODAY https://t.co/yi7FonLNVB,http://buff.ly/1n28AgU,https://twitter.com/bobeick/status/703774166634373120
2016-02-28 02:08:27+00:00,703763664638251008,glomski_gal,"Cyber Hack Got Access To Over 700,000 IRS Accounts https://t.co/CmD9ntGSPo via @BarracudaMama",http://ln.is/bb4sp.com/Xtn23,https://twitter.com/glomski_gal/status/703763664638251008
2016-02-28 01:45:54+00:00,703757988612296704,vishne0,#cyber Hack Got Access To Over 700000 IRS Accounts  https://t.co/NMT6zRxGBf,http://www.wfmynews2.com/news/cyber-hack-got-access-to-over-700000-irs-accounts/57901258,https://twitter.com/vishne0/status/703757988612296704
2016-02-28 00:31:40+00:00,703739306599272450,SiliconVicki,"Cyber hack got access to over 700,000 IRS accounts https://t.co/TjxANol8qw via @USATODAY",http://usat.ly/210cXq5,https://twitter.com/SiliconVicki/status/703739306599272450
2016-02-28 00:28:37+00:00,703738542082519040,GIWilson,"Cyber hack got access to over 700,000 IRS accounts https://t.co/oyXcQBUq4N via @usatoday",http://usat.ly/210cXq5,https://twitter.com/GIWilson/status/703738542082519040
2016-02-28 00:02:39+00:00,703732007390547968,MagnumPrime,"Cyber hack got access to over 700,000 IRS accounts https://t.co/wbm7BYdpOU",http://usat.ly/210cXq5,https://twitter.com/MagnumPrime/status/703732007390547968
2016-02-27 23:59:15+00:00,703731151857278976,1310kzrg,"A 2015 cyber hack of the IRS potentially gained access to personal data from more than 700,000 taxpayer accounts,... https://t.co/H4yxWAfykL",http://fb.me/7JiMozKzZ,https://twitter.com/1310kzrg/status/703731151857278976
2016-02-27 23:57:04+00:00,703730600763486208,MultiCultural7,"2015 cyber hack of the IRS potentially gained access to personal data from more than 700,000 taxpayer accounts, mor‚Ä¶https://t.co/2XlVuGUoFk",http://usat.ly/210cXq5,https://twitter.com/MultiCultural7/status/703730600763486208
2016-02-27 23:42:10+00:00,703726851659866112,weaselzippers,"Cyber Hack Got Access To Over 700,000 IRS Accounts‚Ä¶ https://t.co/TmCrhBRUyL",http://www.weaselzippers.us/258996-cyber-hack-got-access-to-over-700000-irs-accounts/,https://twitter.com/weaselzippers/status/703726851659866112
2016-02-27 23:39:05+00:00,703726072790163457,ange_patricia,"Cyber hack gained access to more than 700,000 IRS accounts https://t.co/E5GPvZYRwq",http://a.msn.com/01/en-us/BBq3Edg?ocid=st,https://twitter.com/ange_patricia/status/703726072790163457
2016-02-27 23:21:59+00:00,703721770155700225,Primal_Digest,"@AllyBenoliel Cyber hack got access to over 700,000 IRS accounts
https://t.co/TXls282mKv via usatoday",http://pri.ml/88QpiGHm,https://twitter.com/Primal_Digest/status/703721770155700225
2016-02-27 23:18:57+00:00,703721007475863552,networklikemike,"A 2015 cyber hack of the IRS potentially gained access to personal data from more than 700,000 taxpayer accounts, mo‚Ä¶https://t.co/fMTZABhIqD",http://usat.ly/210cXq5,https://twitter.com/networklikemike/status/703721007475863552
2016-02-27 23:18:45+00:00,703720959107141632,networklikemike,"A 2015 cyber hack of the IRS potentially gained access to personal data from more than 700,000 taxpayer accounts,... https://t.co/YrvAMLEqGg",http://fb.me/7F1J3wHFV,https://twitter.com/networklikemike/status/703720959107141632
2016-02-27 23:18:30+00:00,703720893885898752,networklikemike,"Cyber hack got access to over 700,000 IRS accounts https://t.co/fMTZABzjPd via @usatoday",http://usat.ly/210cXq5,https://twitter.com/networklikemike/status/703720893885898752
2016-02-27 22:54:59+00:00,703714978302287872,tracygarza,"Cyber hack got access to over 700,000 #IRS accounts
#cybersecurity  https://t.co/a9HUsO1upW",http://www.usatoday.com/story/money/2016/02/26/cyber-hack-gained-access-more-than-700000-irs-accounts/80992822/,https://twitter.com/tracygarza/status/703714978302287872
2016-02-27 22:44:14+00:00,703712269616566272,Tech_Terrorist,usatodaytech: A cyber hack of the IRS potentially exposed over 700K‚Ä¶ https://t.co/RJOi65qzBg #TechnoTerrorist https://t.co/8ORJddUvfn,http://sh.st/ELfrv,https://twitter.com/Tech_Terrorist/status/703712269616566272
2016-02-27 22:19:35+00:00,703706066887036929,itassessors,"A cyber hack of the IRS potentially exposed over 700K taxpayer accounts, more than double the previous estimate https://t.co/iH0EI472Ad",http://usat.ly/21y9NMu,https://twitter.com/itassessors/status/703706066887036929
2016-02-27 22:06:12+00:00,703702697925541888,SMcK17,"Cyber hack got access to over 700,000 IRS accounts https://t.co/vY2uEtjKEl - @usatoday",http://ln.is/www.usatoday.com/sto/OlLUk,https://twitter.com/SMcK17/status/703702697925541888
2016-02-27 22:05:14+00:00,703702455377338368,usatodaytech,"A cyber hack of the IRS potentially exposed over 700K taxpayer accounts, more than double the previous estimate https://t.co/gv0tBbFJd6",http://usat.ly/21y9MIB,https://twitter.com/usatodaytech/status/703702455377338368
2016-02-27 22:05:14+00:00,703702455192842240,USATODAYmoney,"A cyber hack of the IRS potentially exposed over 700K taxpayer accounts, more than double the previous estimate https://t.co/OxfQeLVSQR",http://usat.ly/21y9NMu,https://twitter.com/USATODAYmoney/status/703702455192842240
2016-02-27 21:45:31+00:00,703697494539157504,_NCPatriot_,"Cyber Hack Got Access To Over 700,000 IRS Accounts‚Ä¶ https://t.co/CxZCngktp2 via @WeaselZippers",http://www.weaselzippers.us/258996-cyber-hack-got-access-to-over-700000-irs-accounts/,https://twitter.com/_NCPatriot_/status/703697494539157504
2016-02-27 21:21:07+00:00,703691354468122624,cbinflux,"Cyber Hack Got Access To Over 700,000 MORE IRS / Obamacare Accounts‚Ä¶ https://t.co/Ewb1LhM7cz @kksheld @joannebannister",http://www.weaselzippers.us/258996-cyber-hack-got-access-to-over-700000-irs-accounts/,https://twitter.com/cbinflux/status/703691354468122624
2016-02-27 21:18:15+00:00,703690631206408192,CO2HOG,"Cyber Hack Got Access To Over 700,000 IRS Accounts‚Ä¶ https://t.co/bPrkYTMgjt | #tcot",http://27x.net/5w9l,https://twitter.com/CO2HOG/status/703690631206408192
2016-02-27 21:09:37+00:00,703688458963984384,commonpatriot,"via @weaselzippers: Cyber Hack Got Access To Over 700,000 IRS Accounts‚Ä¶ https://t.co/HiUMO64neb #tcot",http://ln.is/www.weaselzippers.us/pRCPn,https://twitter.com/commonpatriot/status/703688458963984384
2016-02-27 21:09:36+00:00,703688457193828353,AllTheNewsIsNow,"#weaselzippers Cyber Hack Got Access To Over 700,000 IRS Accounts‚Ä¶: Which Government agency hasn‚Äôt gotten hack... https://t.co/ynZvxTKu1U",http://tinyurl.com/jcwq6ca,https://twitter.com/AllTheNewsIsNow/status/703688457193828353
2016-02-27 21:09:34+00:00,703688445844041728,EarlPdxPearl,"Breaking: Cyber Hack Got Access To Over 700,000 IRS Accounts‚Ä¶: Which Government agency hasn‚Äôt gotten hacked? V... https://t.co/26Rrfc1tKJ",http://bit.ly/1QOqW2T,https://twitter.com/EarlPdxPearl/status/703688445844041728
2016-02-27 21:09:25+00:00,703688408095326209,ubericana,"@weaselzippers Cyber Hack Got Access To Over 700,000 IRS Accounts‚Ä¶: Which Government agency hasn‚Äô... https://t.co/dESXZ9XGSD #ihaveavoice",http://bit.ly/21zNExm,https://twitter.com/ubericana/status/703688408095326209
2016-02-27 20:44:06+00:00,703682040097472512,faircloth_j,2015 Cyber hack got access to over 700000 IRS accounts https://t.co/wcQL4D7KI6,http://buff.ly/1TKaT6q,https://twitter.com/faircloth_j/status/703682040097472512
2016-02-27 20:31:42+00:00,703678917023035393,crookitman,"Cyber hack gained access to more than 700,000 IRS accounts https://t.co/d7ICivwLRN https://t.co/beX5zmy1Vd",http://a.msn.com/r/2/BBq3Edg?m=en-us&a=10,https://twitter.com/crookitman/status/703678917023035393
2016-02-27 20:20:25+00:00,703676080205467648,IndyStarBiz,"2015 IRS cyber hack gained access to more than 700,000 taxpayer accounts. https://t.co/kjPfq4yQAP https://t.co/tohotHamvi",http://indy.st/1R89m41,https://twitter.com/IndyStarBiz/status/703676080205467648
2016-02-27 20:17:21+00:00,703675308969361409,JOKERPRESENTS,Cyber hack got access to over 700000 IRS accounts https://t.co/JzrHHaCKGu,http://jokerpresents.blogspot.com/2016/02/cyber-hack-got-access-to-over-700000.html?spref=tw,https://twitter.com/JOKERPRESENTS/status/703675308969361409
2016-02-27 20:14:49+00:00,703674668859858944,TheTaxWatchers,"Cyber hack got access to over 700,000 IRS accounts

A 2015 cyber hack of the IRS potentially gained access to... https://t.co/JQsJtbhfYi",http://fb.me/4uNm0kE6E,https://twitter.com/TheTaxWatchers/status/703674668859858944
2016-02-27 19:51:04+00:00,703668690638786561,Rafihamid1,USATODAY : Cyber hack got access to over 700K IRS accounts. The info. potentially stolen i‚Ä¶ https://t.co/Sm4l231LID) https://t.co/e2ccp5PGUz,https://twitter.com/USATODAY/status/703598002846441472,https://twitter.com/Rafihamid1/status/703668690638786561
2016-02-27 19:36:58+00:00,703665145394937856,ColoradoFoothil,"Cyber hack got access to over 700,000 IRS accounts https://t.co/55OeA3bEg3 via @USATODAY",http://usat.ly/210cXq5,https://twitter.com/ColoradoFoothil/status/703665145394937856
2016-02-27 19:09:51+00:00,703658319668498432,jayrugg,"Cyber hack gained access to more than 700,000 IRS accounts https://t.co/MKKV3buWbk",http://fb.me/4UVt3ess2,https://twitter.com/jayrugg/status/703658319668498432
2016-02-27 18:43:28+00:00,703651680903016448,JohnDPeck,"Cyber hack got access to over 700,000 IRS accounts https://t.co/IXj1Z9h7vU via @usatoday",http://usat.ly/210cXq5,https://twitter.com/JohnDPeck/status/703651680903016448
2016-02-27 18:06:10+00:00,703642292310175745,lizbethfarias,"Cyber hack got access to over 700,000 IRS accounts https://t.co/oiDcKLDUKB via @USATODAY #IRS #hackers",http://usat.ly/210cXq5,https://twitter.com/lizbethfarias/status/703642292310175745
2016-02-27 18:01:11+00:00,703641039148556288,TrendingReport,"SECURITY BREACH: Cyber hack gain access to over 700,000 IRS accounts! #IRS",,https://twitter.com/TrendingReport/status/703641039148556288
2016-02-27 17:01:58+00:00,703626137277222912,applesold,"Cyber hack got access to over 700,000 IRS accounts https://t.co/uhKoZ86exW",http://www.usatoday.com/story/money/2016/02/26/cyber-hack-gained-access-more-than-700000-irs-accounts/80992822/?hootPostID=ffcf5b616ed0708c8cb0046bd64cc8c8,https://twitter.com/applesold/status/703626137277222912
2016-02-27 17:01:10+00:00,703625937200553984,TrendingReport,"SECURITY BREACH: Cyber hack gain access to over 700,000 #IRS accounts!",,https://twitter.com/TrendingReport/status/703625937200553984
2016-02-27 16:47:54+00:00,703622595317538817,laurenismynames,"Cyber hack gained access to more than 700,000 IRS accounts https://t.co/KlMBPSeuwL",http://fb.me/7LSVBp4jz,https://twitter.com/laurenismynames/status/703622595317538817
2016-02-27 16:45:15+00:00,703621930524545024,techruss,"Cyber hack got access to over 700,000 IRS accounts - read more in this USA Today article at https://t.co/0qdJPAviWB",http://ow.ly/YP588,https://twitter.com/techruss/status/703621930524545024
2016-02-27 16:12:07+00:00,703613590394175488,maymitchell,"Cyber hack got access to over 700,000 IRS accounts https://t.co/c0nmQ7np3m via @usatoday",http://usat.ly/210cXq5,https://twitter.com/maymitchell/status/703613590394175488
2016-02-27 16:03:14+00:00,703611358001111041,AsteriusMedia,"Cyber hack gained access to more than 700,000 IRS accounts https://t.co/LphKHkRRzw",http://fb.me/N7WOx1J9,https://twitter.com/AsteriusMedia/status/703611358001111041
2016-02-27 16:01:06+00:00,703610820282990592,TrendingReport,"SECURITY BREACH: Cyber hack gain access to over 700,000 #IRS accounts",,https://twitter.com/TrendingReport/status/703610820282990592
2016-02-27 15:55:54+00:00,703609510884036612,New_Narrative,"‚Äú@starsandstripes: A 2015 cyber hack of the IRS potentially got access to more than 700,000 taxpayer accounts: https://t.co/1PJWVKHmZu‚Äù",http://www.stripes.com/news/us/cyber-hack-got-access-to-over-700-000-irs-accounts-1.396447,https://twitter.com/New_Narrative/status/703609510884036612
2016-02-27 15:41:35+00:00,703605908044181505,starsandstripes,"A 2015 cyber hack of the IRS potentially got access to more than 700,000 taxpayer accounts: https://t.co/FPQAB5zTbq",http://www.stripes.com/news/us/cyber-hack-got-access-to-over-700-000-irs-accounts-1.396447,https://twitter.com/starsandstripes/status/703605908044181505
2016-02-27 15:26:25+00:00,703602091063902208,MOK65,"Cyber hack got access to over 700,000 IRS accounts https://t.co/MFcEVykzbC via @USATODAY",http://www.usatoday.com/story/money/2016/02/26/cyber-hack-gained-access-more-than-700000-irs-accounts/80992822/,https://twitter.com/MOK65/status/703602091063902208
2016-02-27 15:26:19+00:00,703602067819077632,Amanda_Florian,Cyber hack got access to over 700K IRS accounts. The info. potentially stolen includes SSN &amp; birth dates. https://t.co/wAUn6HmuKy @usatoday,http://usat.ly/1TdBKIB,https://twitter.com/Amanda_Florian/status/703602067819077632
2016-02-27 15:21:53+00:00,703600951974871044,krunox123,Cyber hack got access to over 700K IRS accounts. The info. potentially stolen includes SSN &amp; birth dates. https://t.co/USouAz5iCC usatoday,http://usat.ly/1TdBKIB,https://twitter.com/krunox123/status/703600951974871044
2016-02-27 15:21:24+00:00,703600826728771584,k_visco,"Cyber hack got access to over 700,000 IRS accounts https://t.co/fOIFY1uPqO via @usatoday",http://usat.ly/210cXq5,https://twitter.com/k_visco/status/703600826728771584
2016-02-27 15:19:36+00:00,703600377548161025,itassessors,"A cyber hack of the IRS potentially exposed over 700K taxpayer accounts, more than double the previous estimate https://t.co/FZfb1Kn0mJ",http://usat.ly/21olQzk,https://twitter.com/itassessors/status/703600377548161025
2016-02-27 15:17:57+00:00,703599959812263938,wabehrens,"Cyber hack got access to over 700,000 IRS accounts
 https://t.co/ll0HjTANsc",http://www.stripes.com/1.396447,https://twitter.com/wabehrens/status/703599959812263938
2016-02-27 15:11:57+00:00,703598449300791296,wlabovitz,"Wow &gt; RT @USATODAY: Cyber hack got access to over 700K IRS accounts including SSN, birth dates https://t.co/I7OlL4i12c",http://usat.ly/1TdBKIB,https://twitter.com/wlabovitz/status/703598449300791296
2016-02-27 15:10:30+00:00,703598085709156352,michael_voolaid,USATODAY: Cyber hack got access to over 700K IRS accounts. The info. potentially stolen includes SSN &amp; birth dates. ‚Ä¶,,https://twitter.com/michael_voolaid/status/703598085709156352
2016-02-27 15:10:10+00:00,703598002846441472,USATODAY,Cyber hack got access to over 700K IRS accounts. The info. potentially stolen includes SSN &amp; birth dates. https://t.co/hhDlnAOWxi @usatoday,http://usat.ly/1TdBKIB,https://twitter.com/USATODAY/status/703598002846441472
2016-02-27 15:05:17+00:00,703596772107624448,USATODAYmoney,"A cyber hack of the IRS potentially exposed over 700K taxpayer accounts, more than double the previous estimate https://t.co/9oBs6dvePw",http://usat.ly/21olQzk,https://twitter.com/USATODAYmoney/status/703596772107624448
2016-02-27 15:01:02+00:00,703595702933397504,TrendingReport,"SECURITY BREACH: Cyber hack gain access to over 700,000 IRS accounts!",,https://twitter.com/TrendingReport/status/703595702933397504
2016-02-27 14:55:55+00:00,703594417702232066,KidplorerNews,"Cyber hack gained access to more than 700,000 IRS accounts https://t.co/0QM0Ru7FTJ",,https://twitter.com/KidplorerNews/status/703594417702232066
2016-02-27 14:42:12+00:00,703590963206295554,SimSpaceCorp,"Cyber hack got access to over 700,000 IRS accountshttp://usat.ly/210cXq5http://www.gannett-cdn.com/-mm-/fecb47054c9a8e62d7f8d022b550749e3fea",,https://twitter.com/SimSpaceCorp/status/703590963206295554
2016-02-27 14:31:40+00:00,703588311558983680,olga_brunner,"Cyber hack breached more than 700,000 IRS accounts https://t.co/HQKa7NSnhG via @@FCN2go",http://www.firstcoastnews.com/money/consumer/cyber-hack-breached-more-than-700000-irs-accounts/57702558,https://twitter.com/olga_brunner/status/703588311558983680
2016-02-27 14:27:52+00:00,703587355282673668,tcsmith312,"Cyber hack got access to over 700,000 IRS accounts https://t.co/p48hZIyeKR via @greenvillenews",http://usat.ly/210cXq5,https://twitter.com/tcsmith312/status/703587355282673668
2016-02-27 14:18:06+00:00,703584898939023360,flyeagledave,"Cyber hack got access to over 700,000 IRS accounts https://t.co/jUSIj0AaxU via @usatoday",http://usat.ly/210cXq5,https://twitter.com/flyeagledave/status/703584898939023360
2016-02-27 14:12:49+00:00,703583567830364161,Merton_G3,"Cyber #hack gained access to more than 700,000 #IRS accounts 

https://t.co/xkRT1R3Gvt",http://a.msn.com/00/en-us/BBq3Edg?ocid=st,https://twitter.com/Merton_G3/status/703583567830364161
2016-02-27 14:03:01+00:00,703581100854145024,Chuck_Barrett,"Cyber hack got access to over 700,000 IRS accounts https://t.co/CKryXhmn5i",http://ow.ly/YP9B1,https://twitter.com/Chuck_Barrett/status/703581100854145024
2016-02-27 14:00:58+00:00,703580585017667584,TrendingReport,"SECURITY BREACH: Cyber hack gain access to over 700,000 IRS accounts",,https://twitter.com/TrendingReport/status/703580585017667584
2016-02-27 13:58:56+00:00,703580074197422081,MW1NN1E,"Yet another Obama admin cyber hack, gave access to over 700,000 IRS accounts https://t.co/JLdzeu70pD",http://usat.ly/210cXq5,https://twitter.com/MW1NN1E/status/703580074197422081
2016-02-27 13:56:11+00:00,703579384393785349,PawsU,"Cyber hack gained access to more than 700,000 IRS accounts https://t.co/42LrHF517f",http://fb.me/6WiwLF40i,https://twitter.com/PawsU/status/703579384393785349
2016-02-27 13:45:39+00:00,703576730687000576,spark4creative,"Cyber hack got access to over 700,000 IRS accounts https://t.co/Y6QtiSgKae via @usatoday",http://usat.ly/210cXq5,https://twitter.com/spark4creative/status/703576730687000576
2016-02-27 13:44:53+00:00,703576540571947008,EddeMac,"Maybe we could get Apple to handle IRS Security ---Cyber hack got access to over 700,000 IRS accounts https://t.co/8meVzgjlc4 via @USATODAY",http://www.usatoday.com/story/money/2016/02/26/cyber-hack-gained-access-more-than-700000-irs-accounts/80992822/,https://twitter.com/EddeMac/status/703576540571947008
2016-02-27 13:41:17+00:00,703575634136551424,Three_Ten,"‚òÄ Cyber hack got access to over 700,000 IRS accounts #TTiNFo https://t.co/3GXy0b8Uz2",http://usat.ly/1R8Yov9,https://twitter.com/Three_Ten/status/703575634136551424
2016-02-27 13:40:29+00:00,703575431711031297,Rosagin,"Cyber hack got access to over 700,000 IRS accounts https://t.co/TgQmAhchNb via @USATODAY",http://usat.ly/210cXq5,https://twitter.com/Rosagin/status/703575431711031297
2016-02-27 13:37:30+00:00,703574681350238208,OvercomeIT,"Cyber hack got access to over 700,000 IRS accounts https://t.co/y2O92DiuWF via @USATODAY",http://usat.ly/210cXq5,https://twitter.com/OvercomeIT/status/703574681350238208
2016-02-27 13:30:45+00:00,703572982891937792,BethAuthor,"Cyber hack breached more than 700,000 IRS accounts

üôÄüôÄüôÄ https://t.co/uoNbvGwkKV",http://www.firstcoastnews.com/money/consumer/cyber-hack-breached-more-than-700000-irs-accounts/57702558,https://twitter.com/BethAuthor/status/703572982891937792
2016-02-27 13:29:41+00:00,703572712279506944,nonnydee,"Cyber hack gained access to more than 700,000 IRS accounts https://t.co/ruHM2H5Okk",http://www.usatoday.com/story/money/2016/02/26/cyber-hack-gained-access-more-than-700000-irs-accounts/80992822/,https://twitter.com/nonnydee/status/703572712279506944
2016-02-27 13:22:43+00:00,703570960113233922,RonSupportsYou,"""Cyber hack got access to over 700,000 IRS accounts"":
https://t.co/TXLtEAAbBS",http://www.usatoday.com/story/money/2016/02/26/cyber-hack-gained-access-more-than-700000-irs-accounts/80992822/,https://twitter.com/RonSupportsYou/status/703570960113233922
2016-02-27 13:21:14+00:00,703570587961028608,Exec_Relevance,"Cyber hack got access to over 700,000 IRS accounts https://t.co/NmPIYPJoKw via @USATODAY",http://www.usatoday.com/story/money/2016/02/26/cyber-hack-gained-access-more-than-700000-irs-accounts/80992822/,https://twitter.com/Exec_Relevance/status/703570587961028608
2016-02-27 13:00:46+00:00,703565437083258881,TrendingReport,"Cyber hack gain access to over 700,000 #IRS accounts!",,https://twitter.com/TrendingReport/status/703565437083258881
2016-02-27 12:49:28+00:00,703562594624274432,causticbob,"Cyber hack gained access to more than 700,000 IRS accounts https://t.co/4j9DiPDHta -- repeat after me ""i trust the government with security""",http://a.msn.com/01/en-us/BBq3Edg?ocid=st,https://twitter.com/causticbob/status/703562594624274432
2016-02-27 12:45:40+00:00,703561638310486016,RIGB2266,Cyber hack got access to over 700000 IRS accounts - USA TODAY https://t.co/WyA5dNf2HD,http://goo.gl/fb/ZKsmZZ,https://twitter.com/RIGB2266/status/703561638310486016
2016-02-27 12:41:54+00:00,703560688107548676,vishne0,#cyber hack breached more than 700000 IRS accounts  https://t.co/iOr0KNJKc8,http://www.firstcoastnews.com/money/consumer/cyber-hack-breached-more-than-700000-irs-accounts/57702558,https://twitter.com/vishne0/status/703560688107548676
2016-02-27 12:35:39+00:00,703559115117735936,CyberSecDN,"The IRS #hack Is Twice as Bad as We Thought https://t.co/qdwX7cgsqotruncated:false, via @Sec_Cyber",,https://twitter.com/CyberSecDN/status/703559115117735936
2016-02-27 12:25:40+00:00,703556603367313408,InfosecExec,"Think these guys can safeguard the iOS hack? Cyber hack got access to over 700,000 IRS accounts https://t.co/Ej1MMcGIPb",http://usat.ly/210cXq5,https://twitter.com/InfosecExec/status/703556603367313408
2016-02-27 12:23:58+00:00,703556175854485505,JNA1950,"Cyber hack got access to over 700,000 IRS accounts https://t.co/SCl05R4EdB via @USATODAY",http://usat.ly/210cXq5,https://twitter.com/JNA1950/status/703556175854485505
2016-02-27 12:22:53+00:00,703555902520074240,pawyai1,"Cyber hack got access to over 700,000 IRS accounts https://t.co/feZEgaaXsi via @USATODAY",http://www.usatoday.com/story/money/2016/02/26/cyber-hack-gained-access-more-than-700000-irs-accounts/80992822/,https://twitter.com/pawyai1/status/703555902520074240
2016-02-27 12:22:16+00:00,703555749193056256,K1erry,"#AbolishTheIRS
Cyber hack gained access to more than 700,000 IRS accounts https://t.co/PhmrNyhT6G",http://a.msn.com/01/en-us/BBq3Edg?ocid=st,https://twitter.com/K1erry/status/703555749193056256
2016-02-27 12:20:17+00:00,703555248166670336,KING5Seattle,"Cyber hack got access to over 700,000 IRS accounts &gt;&gt; https://t.co/3ikfEnrpm9",http://kng5.tv/1R8uY0c,https://twitter.com/KING5Seattle/status/703555248166670336
2016-02-27 12:15:00+00:00,703553919545290752,Automation_Now,"Cyber hack got access to over 700,000 IRS accounts https://t.co/gaRZvXTVmh",http://usat.ly/210cXq5,https://twitter.com/Automation_Now/status/703553919545290752
2016-02-27 12:12:05+00:00,703553185890246657,11AliveNews,"Cyber hack got access to over 700,000 IRS accounts
https://t.co/iT5ncpzbQD",http://on.11alive.com/1KS44ND,https://twitter.com/11AliveNews/status/703553185890246657
2016-02-27 12:00:41+00:00,703550316114026496,TrendingReport,"Cyber hack gain access to over 700,000 #IRS accounts",,https://twitter.com/TrendingReport/status/703550316114026496
2016-02-27 11:56:30+00:00,703549263649882112,rpsjrcpa,"Cyber hack got access to over 700,000 IRS accounts https://t.co/JVrh2WmYjU via @usatoday Ugh! @cybraryIT",http://usat.ly/210cXq5,https://twitter.com/rpsjrcpa/status/703549263649882112
2016-02-27 11:52:38+00:00,703548289304530944,montana_12,"Cyber hack got access to over 700,000 IRS accounts https://t.co/Lm2z2Mdp0L",http://usat.ly/210cXq5,https://twitter.com/montana_12/status/703548289304530944
2016-02-27 11:35:40+00:00,703544021034123264,bartmckinley,"Cyber hack got personal data access to over 700,000 #IRS accounts https://t.co/MpzkUKS0Z1 Includes SSN &amp; Birthdates",http://www.stripes.com/news/us/cyber-hack-got-access-to-over-700-000-irs-accounts-1.396447,https://twitter.com/bartmckinley/status/703544021034123264
2016-02-27 11:23:42+00:00,703541010677288960,latikia,"Cyber hack got access to over 700,000 IRS accounts by  via Stars and Stripes https://t.co/wzpnaRBODk",http://ift.tt/1oOlUao,https://twitter.com/latikia/status/703541010677288960
2016-02-27 11:22:46+00:00,703540773241769985,seekimm,"Cyber hack got access to over 700,000 IRS accounts https://t.co/6r4gYrPfT1 via @USATODAY",http://www.usatoday.com/story/money/2016/02/26/cyber-hack-gained-access-more-than-700000-irs-accounts/80992822/,https://twitter.com/seekimm/status/703540773241769985
2016-02-27 11:20:52+00:00,703540297377026048,MikeWinNormanOK,"#Hackers #Target #IRS Cyber hack got access to over 700,000 IRS accounts https://t.co/Zkra0zktbm via @USATODAY",http://usat.ly/210cXq5,https://twitter.com/MikeWinNormanOK/status/703540297377026048
2016-02-27 11:19:21+00:00,703539914554605568,slashfla,"""Hack Brief: Last Year‚Äôs IRS Hack Was Way Worse Than We Realized"" #tech #shit #cybersecurity #cyber  https://t.co/hkE0qvVYLX",http://feeds.wired.com/c/35185/f/661370/s/4de23fc9/sc/13/l/0L0Swired0N0C20A160C0A20Cirs0Ehack0E70A0A0A0A0A0Eaccounts0C/story01.htm,https://twitter.com/slashfla/status/703539914554605568
2016-02-27 11:12:16+00:00,703538132751360000,byLorenaBlas,"Cyber hack got access to over 700,000 IRS accounts https://t.co/UI7kEKDllt via @USATODAY",http://usat.ly/210cXq5,https://twitter.com/byLorenaBlas/status/703538132751360000
2016-02-27 11:00:38+00:00,703535204019904513,TrendingReport,"Cyber hack gain access to over 700,000 IRS accounts!",,https://twitter.com/TrendingReport/status/703535204019904513
2016-02-27 10:58:49+00:00,703534746316492800,DanLovallo,Cyber hack got access to over 700000 IRS accounts https://t.co/k5IgKI1AS3,http://ift.tt/1n3Y7S1,https://twitter.com/DanLovallo/status/703534746316492800
2016-02-27 10:48:51+00:00,703532237313052676,UncensoredRprt,"Cyber hack gained access to more than 700,000 IRS accounts

 https://t.co/sFH0VXXc6N

My Rogue Rants By... https://t.co/9IfZsuUw81",http://thesccop.com/?p=50426 http://fb.me/5iRKnnoLP,https://twitter.com/UncensoredRprt/status/703532237313052676
2016-02-27 10:23:56+00:00,703525969663913984,bluerizzle_brad,"Cyber hack got access to over 700,000 #IRS accounts https://t.co/zwSNA9KdYU via @usatoday",http://usat.ly/210cXq5,https://twitter.com/bluerizzle_brad/status/703525969663913984
2016-02-27 10:18:26+00:00,703524584973152256,YuleCharmine,"Cyber hack got access to over 700,000 IRS¬†accounts https://t.co/xtbUUW0o1x https://t.co/DcHCoEchYV",http://bit.ly/1LLs2Fc,https://twitter.com/YuleCharmine/status/703524584973152256
2016-02-27 10:16:50+00:00,703524183062347776,ithackerindia,"Cyber hack got access to over 700,000 IRS¬†accounts https://t.co/iS9L7TDRH3 https://t.co/1F00KyGMHG",http://www.ithacker.in/?p=228,https://twitter.com/ithackerindia/status/703524183062347776
2016-02-27 10:16:25+00:00,703524077458345984,RIGB2266,Cyber hack got access to over 700000 IRS accounts - USA TODAY https://t.co/Yq3yTxYaZ9,http://goo.gl/fb/s67ptU,https://twitter.com/RIGB2266/status/703524077458345984
2016-02-27 10:00:31+00:00,703520075190558721,TrendingReport,"Cyber hack gain access to over 700,000 IRS accounts",,https://twitter.com/TrendingReport/status/703520075190558721
2016-02-27 09:31:55+00:00,703512879580971009,henryomoregie,"Cyber hack gained access to more than 700,000 IRS accounts https://t.co/fekP6vBBEK",http://fb.me/6ognSWxXw,https://twitter.com/henryomoregie/status/703512879580971009
2016-02-27 09:25:14+00:00,703511197715271680,follownewsnow1,#Business Cyber hack breached more than 700000 IRS accounts  Click&gt; https://t.co/RxzhnRAuqM,http://goo.gl/pF93kb,https://twitter.com/follownewsnow1/status/703511197715271680
2016-02-27 09:22:04+00:00,703510399845429248,GetBriefMe,"Cyber hack gained access to more than 700,000 IRS accounts via @usatodaynews: https://t.co/S4ZcZN1AsH",http://brf.me/5vDk,https://twitter.com/GetBriefMe/status/703510399845429248
2016-02-27 09:21:38+00:00,703510291959549952,thesdreporter,"Cyber hack gained access to more than 700,000 IRS accounts https://t.co/042jAczCR0",http://fb.me/2LF5BMUQa,https://twitter.com/thesdreporter/status/703510291959549952
2016-02-27 09:20:26+00:00,703509986790363136,usarelatednews,"RelNews: Cyber hack gained access to more than 700,000 IRS accounts -The Washington Post- https://t.co/w66eywhWkH",http://www.usa-news.net/q/53-149915,https://twitter.com/usarelatednews/status/703509986790363136
2016-02-27 09:06:54+00:00,703506583913963520,CelesteMRice,"Cyber hack gained access to more than 700,000 IRS accounts https://t.co/DkwQ4uiUJP",http://fb.me/2yiNpanbf,https://twitter.com/CelesteMRice/status/703506583913963520
2016-02-27 09:05:49+00:00,703506308725678080,SalimJabril,"Cyber hack got access to over 700,000 IRS accounts https://t.co/A44Qf9n4VE via @usatoday",http://usat.ly/210cXq5,https://twitter.com/SalimJabril/status/703506308725678080
2016-02-27 09:04:41+00:00,703506024020447232,RIGB2266,Cyber hack got access to over 700000 IRS accounts - USA TODAY https://t.co/8kZF4HmKuv,http://goo.gl/fb/cGWhzX,https://twitter.com/RIGB2266/status/703506024020447232
2016-02-27 09:00:28+00:00,703504962488299521,TrendingReport,"Cyber hack got access to over 700,000 #IRS accounts!",,https://twitter.com/TrendingReport/status/703504962488299521
2016-02-27 08:59:01+00:00,703504600612130816,DanLovallo,Cyber hack breached more than 700000 IRS accounts https://t.co/Qn6vDVv1kZ,http://ift.tt/1R9ruKR,https://twitter.com/DanLovallo/status/703504600612130816
2016-02-27 08:26:41+00:00,703496463352000512,zxyfinancial,Cyber hack breached more than 700000 IRS accounts - https://t.co/xGAHxwQzRp,http://Firstcoastnews.com,https://twitter.com/zxyfinancial/status/703496463352000512
2016-02-27 08:19:59+00:00,703494776176291840,johntarrphoto,"Cyber hack got access to over 700,000 IRS accounts https://t.co/XYpTcgzfgS via @USATODAY",http://usat.ly/210cXq5,https://twitter.com/johntarrphoto/status/703494776176291840
2016-02-27 08:12:28+00:00,703492883526098944,itswhativegot,"Cyber hack gained access to more than 700,000 IRS accounts. #infosec #breach #IRS https://t.co/DdM7YldNf1",http://buff.ly/1QabHhr,https://twitter.com/itswhativegot/status/703492883526098944
2016-02-27 08:00:22+00:00,703489837870030848,TrendingReport,"Cyber hack got access to over 700,000 #IRS accounts",,https://twitter.com/TrendingReport/status/703489837870030848
2016-02-27 07:57:24+00:00,703489092420554752,WWLTV,"Cyber hack got access to over 700,000 IRS accounts
https://t.co/8oO0k4Itgr",http://www.wwltv.com/story/money/2016/02/26/cyber-hack-gained-access-more-than-700000-irs-accounts/80992822/,https://twitter.com/WWLTV/status/703489092420554752
2016-02-27 07:50:58+00:00,703487473477918720,RIGB2266,Cyber hack got access to over 700000 IRS accounts - USA TODAY https://t.co/3mnxXObZdb,http://goo.gl/fb/sf0QTO,https://twitter.com/RIGB2266/status/703487473477918720
2016-02-27 07:46:03+00:00,703486236669972480,15MinuteNewsTec,"Cyber hack got access to over 700,000 IRS accounts https://t.co/gYPqXcqjoR #Technology",http://www.15minutenews.com/article/85453300/cyber-hack-got-access-to-over-700000-irs-accounts/,https://twitter.com/15MinuteNewsTec/status/703486236669972480
2016-02-27 07:44:02+00:00,703485729855434754,JeffreyAStewart,"Cyber hack gained access to more than 700,000 IRS accounts https://t.co/EO5jTYBJpx",http://buff.ly/1R9033S,https://twitter.com/JeffreyAStewart/status/703485729855434754
2016-02-27 07:00:19+00:00,703474725570420736,TrendingReport,"Cyber hack got access to over 700,000 IRS accounts!",,https://twitter.com/TrendingReport/status/703474725570420736
2016-02-27 06:56:55+00:00,703473871345811456,ehackingss,Cyber #hack gained access to more than 700000 IRS accounts https://t.co/prgMEY9tOp #Hack #Infosec,http://ow.ly/YOPMD,https://twitter.com/ehackingss/status/703473871345811456
2016-02-27 06:52:04+00:00,703472651121983488,NguyenMarykim,"Cyber hack got access to over 700,000 IRS accounts https://t.co/20tSgve1sy via @usatoday",http://usat.ly/210cXq5,https://twitter.com/NguyenMarykim/status/703472651121983488
2016-02-27 06:12:12+00:00,703462618858725376,willoxh,"Cyber hack gained access to more than 700,000 #IRS accounts https://t.co/daJ3qNnRNl",http://fb.me/2HDvnpsfF,https://twitter.com/willoxh/status/703462618858725376
2016-02-27 06:08:09+00:00,703461597235154945,Obsessed_W_News,Cyber criminals have tried to hack data from hundreds of thousands of taxpayers: IRS https://t.co/UmBqDsuTnh https://t.co/nFRpJr1dUc,http://dlvr.it/Kd4pc9,https://twitter.com/Obsessed_W_News/status/703461597235154945
2016-02-27 06:00:51+00:00,703459760251604992,MCFAYDEN_IT,"Cyber hack breached more than 700000 IRS accounts: Cyber hack breached more than 700,000 IRS accounts ... The ... https://t.co/cTwDLi76Hw",http://bit.ly/1pevZNZ,https://twitter.com/MCFAYDEN_IT/status/703459760251604992
2016-02-27 06:00:16+00:00,703459613858009089,TrendingReport,"Cyber hack got access to over 700,000 IRS accounts",,https://twitter.com/TrendingReport/status/703459613858009089
2016-02-27 05:39:41+00:00,703454433460367360,cpspmplfscpoeiv,"Cyber hack gained access to more than 700,000 IRS accounts https://t.co/9TaNddTBaH",http://a.msn.com/00/en-us/BBq3Edg?ocid=st,https://twitter.com/cpspmplfscpoeiv/status/703454433460367360
2016-02-27 05:38:36+00:00,703454160503476224,vishne0,#cyber hack got access to over 700000 IRS accounts  https://t.co/1gQmgORGSp,http://www.whas11.com/news/nation/cyber-hack-got-access-to-over-700000-irs-accounts/57642198,https://twitter.com/vishne0/status/703454160503476224
2016-02-27 05:31:05+00:00,703452271443574789,RIGB2266,Cyber hack got access to over 700000 IRS accounts - USA TODAY https://t.co/ZKrrDxXjG6,http://goo.gl/fb/KpauLN,https://twitter.com/RIGB2266/status/703452271443574789
2016-02-27 05:11:49+00:00,703447423037800448,amcmahont,Just keeping an eye out for a letter in the mail. #IRSCyberHack https://t.co/1yV6EHLQ1z,https://twitter.com/mdkail/status/703367906625605632,https://twitter.com/amcmahont/status/703447423037800448
2016-02-27 04:55:59+00:00,703443436041449472,BrendaDays,"Cyber hack got access to over 700,000 IRS accounts: Updated tally more than doubles previous damage threat for... https://t.co/vpUSmz1bOC",http://usat.ly/1QM6EqJ,https://twitter.com/BrendaDays/status/703443436041449472
2016-02-27 04:42:17+00:00,703439990584446977,TaxesNowCom,"Cyber hack gained access to more than 700,000 IRS accounts https://t.co/9kE5vK8d4v",http://a.msn.com/00/en-us/BBq3Edg?ocid=st,https://twitter.com/TaxesNowCom/status/703439990584446977
2016-02-27 04:29:15+00:00,703436710495932418,Giant_Killer,"Cyber hack gained access to more than 700,000 IRS accounts https://t.co/f2t1OSLVLS",http://a.msn.com/00/en-us/BBq3Edg?ocid=st,https://twitter.com/Giant_Killer/status/703436710495932418
2016-02-27 04:24:21+00:00,703435478163279872,KlearGeomar2,"Cyber hack got access to over 700,000 IRS accounts https://t.co/wWkV4CF8rh",http://www.usatoday.com/story/money/2016/02/26/cyber-hack-gained-access-more-than-700000-irs-accounts/80992822/,https://twitter.com/KlearGeomar2/status/703435478163279872
2016-02-27 04:21:43+00:00,703434812485308416,whec_ladams,"Cyber hack gained access to more than 700,000 IRS accounts https://t.co/5Hej0PJGb2",http://a.msn.com/00/en-us/BBq3Edg?ocid=st,https://twitter.com/whec_ladams/status/703434812485308416
2016-02-27 04:12:16+00:00,703432435233501184,frequency1987,"Cyber hack got access to over 700,000 IRS accounts https://t.co/Ow1SeuJSBq via @usatoday",http://usat.ly/210cXq5,https://twitter.com/frequency1987/status/703432435233501184
2016-02-27 04:08:30+00:00,703431487207641088,ConvolutedWorld,"Cyber hack gained access to more than 700,000 IRS accounts https://t.co/33JQAMSUDV #GovGoneWild",http://a.msn.com/00/en-us/BBq3Edg?ocid=st,https://twitter.com/ConvolutedWorld/status/703431487207641088
2016-02-27 03:43:11+00:00,703425114692411392,chris_salazar,"Cyber hack got access to over 700,000 IRS accounts https://t.co/79VB5qgRN5",http://usat.ly/1QM6EqJ,https://twitter.com/chris_salazar/status/703425114692411392
2016-02-27 03:41:05+00:00,703424589150494720,MsNashville,"Cyber hack gained access to more than 700,000 IRS accounts https://t.co/uLxrA8dAgV",http://a.msn.com/00/en-us/BBq3Edg?ocid=st,https://twitter.com/MsNashville/status/703424589150494720
2016-02-27 03:39:52+00:00,703424282035097600,richardreeve317,"The latest IRS cyber hack involves potential access to 390,000 tax payer accounts https://t.co/hDwdsd2GNf",,https://twitter.com/richardreeve317/status/703424282035097600
2016-02-27 03:37:23+00:00,703423655561306112,RlovesD2016,"Cyber hack got access to over 700,000 IRS accounts https://t.co/yH4HYGN2fX",http://fb.me/5hTJ9cOCk,https://twitter.com/RlovesD2016/status/703423655561306112
2016-02-27 03:36:08+00:00,703423342217469952,CreateGiving,"Cyber hack gained access to more than 700,000 IRS accounts https://t.co/nQs560HTgs",http://fb.me/78ZzqzCET,https://twitter.com/CreateGiving/status/703423342217469952
2016-02-27 03:30:14+00:00,703421857807081472,FCN2go,"Cyber hack breached more than 700,000 IRS accounts | https://t.co/s4NUZPRp1m",http://fcnews.tv/1pehLwt,https://twitter.com/FCN2go/status/703421857807081472
2016-02-27 03:25:21+00:00,703420627449827328,cmani,"The IRS hack, 724,000 US taxpayers‚Äô information was stolen in a cyber attack last year https://t.co/bQ8emwY0ef #hacking #cybersecurity",http://for.tn/1XQdjjl?xid=for_tw_sh,https://twitter.com/cmani/status/703420627449827328
2016-02-27 03:23:44+00:00,703420223643209728,GuadalupeDuran,"Cyber hack got access to over 700,000 IRS accounts https://t.co/SP3LZ8A3e0 via @USATODAY",http://usat.ly/210cXq5,https://twitter.com/GuadalupeDuran/status/703420223643209728
2016-02-27 03:22:51+00:00,703420000376238081,walfridolopez,"#Cyber hack got access to over 700,000 IRS accounts https://t.co/VAXRhosIfS by @kmccoynyc via @usatoday",http://usat.ly/210cXq5,https://twitter.com/walfridolopez/status/703420000376238081
2016-02-27 03:21:27+00:00,703419648537022465,SEOguys_OC,"Cyber hack got access to over 700,000 IRS accounts: Updated tally more than doubles previous damage threat for... https://t.co/zi6smEMqr3",http://usat.ly/1QM6EqJ,https://twitter.com/SEOguys_OC/status/703419648537022465
2016-02-27 03:20:00+00:00,703419284580532224,timeoutpk,"Cyber hack got access to over 700,000 IRS accounts https://t.co/Z9yIOkSNqU",,https://twitter.com/timeoutpk/status/703419284580532224
2016-02-27 03:19:44+00:00,703419214665801729,CNMTechsolution,"Cyber hack gained access to more than 700,000 IRS accounts https://t.co/FotiUqx9Ve",http://fb.me/UN80NwMO,https://twitter.com/CNMTechsolution/status/703419214665801729
2016-02-27 03:17:47+00:00,703418722803781632,DFBond2011,"Cyber hack gained access to more than 700,000 IRS accounts https://t.co/hDwD1mSA1R",http://a.msn.com/00/en-us/BBq3Edg?ocid=st,https://twitter.com/DFBond2011/status/703418722803781632
2016-02-27 03:17:27+00:00,703418641992126464,cliffracer47,"Cyber hack gained access to more than 700,000 IRS accounts https://t.co/iiLa9QkEo1",http://a.msn.com/00/en-us/BBq3Edg?ocid=st,https://twitter.com/cliffracer47/status/703418641992126464
2016-02-27 03:11:10+00:00,703417059124781056,Houston_CP,"Cyber hack got access to over 700,000 IRS accounts https://t.co/80PzVN01HB",http://on.khou.com/1RuhnTA,https://twitter.com/Houston_CP/status/703417059124781056
2016-02-27 03:09:00+00:00,703416515874398209,RIGB2266,Cyber hack got access to over 700000 IRS accounts - USA TODAY https://t.co/U2Z60RWJjr,http://goo.gl/fb/fNVrbe,https://twitter.com/RIGB2266/status/703416515874398209
2016-02-27 03:08:47+00:00,703416460379422720,TonyOcchionero,"Cyber hack got access to over 700,000 IRS accounts https://t.co/1N4DNE3L0g via @USATODAY",http://usat.ly/210cXq5,https://twitter.com/TonyOcchionero/status/703416460379422720
2016-02-27 03:06:16+00:00,703415825655570433,KMApOoTeRs,"‚úè Cyber hack got access to over 700,000 IRS accounts https://t.co/BuwnyZxzY4 #tech",http://usat.ly/1R8SXwj,https://twitter.com/KMApOoTeRs/status/703415825655570433
2016-02-27 02:57:18+00:00,703413571825238016,RPJohnston,"Cyber hack got access to over 700,000 IRS accounts https://t.co/CSJHEaOMOO via @USATODAY",http://usat.ly/210cXq5,https://twitter.com/RPJohnston/status/703413571825238016
2016-02-27 02:53:05+00:00,703412507977740288,marc_h_allen,"Cyber hack got access to over 700,000 IRS accounts https://t.co/Sd26vkQ6zY via @usatoday",http://usat.ly/210cXq5,https://twitter.com/marc_h_allen/status/703412507977740288
2016-02-27 02:40:11+00:00,703409262815412224,CopitziSalinas,"Cyber hack got access to over 700,000 IRS accounts https://t.co/XQJj5qK14C",http://fb.me/21cbneMeK,https://twitter.com/CopitziSalinas/status/703409262815412224
2016-02-27 02:39:51+00:00,703409179218878464,COMFORTCHURCH7,"Cyber hack gained access to more than 700,000 IRS accounts https://t.co/oUZSiOXKOT",http://a.msn.com/00/en-us/BBq3Edg?ocid=st,https://twitter.com/COMFORTCHURCH7/status/703409179218878464
2016-02-27 02:35:52+00:00,703408174200565760,PJAtlanta,"Cyber hack got access to over 700,000 IRS accounts https://t.co/undwNhr1VW",http://usat.ly/1QM6EqJ,https://twitter.com/PJAtlanta/status/703408174200565760
2016-02-27 02:30:49+00:00,703406903196397569,Bumpyknight,"Cyber hack gained access to more than 700,000 IRS accounts https://t.co/OPyMmdkp3r",http://a.msn.com/01/en-us/BBq3Edg?ocid=st,https://twitter.com/Bumpyknight/status/703406903196397569
2016-02-27 02:30:08+00:00,703406734560333825,martalaura,"Cyber hack gained access to more than 700,000 IRS accounts https://t.co/7IGstTQb3E",http://a.msn.com/01/en-us/BBq3Edg?ocid=st,https://twitter.com/martalaura/status/703406734560333825
2016-02-27 02:30:01+00:00,703406705862963200,GetNewsblock,"Cyber hack gained access to more than 700,000 IRS accounts - https://t.co/P4y0BVHtLu via @USATODAY #Business",http://newsblock.io/s/56d0bbafbe8c820300f98b8a,https://twitter.com/GetNewsblock/status/703406705862963200
2016-02-27 02:28:05+00:00,703406217528348672,IGracchus,"Cyber hack gained access to more than 700,000 IRS accounts https://t.co/RRUls7DhO4 https://t.co/3zXyGe6n6L",http://a.msn.com/r/2/BBq3Edg?m=en-us&a=0,https://twitter.com/IGracchus/status/703406217528348672
2016-02-27 02:26:58+00:00,703405936753434625,pelsner,"Cyber hack got access to over 700,000 IRS accounts https://t.co/5NOX1GNYUz via @USATODAY",http://usat.ly/210cXq5,https://twitter.com/pelsner/status/703405936753434625
2016-02-27 02:26:56+00:00,703405927467102208,JoRossMi,"Cyber hack got access to over 700,000 IRS accounts: Updated tally more than doubles previous damage threat for... https://t.co/kdhPoBhkdc",http://bc.vc/NncOgz,https://twitter.com/JoRossMi/status/703405927467102208
2016-02-27 02:26:56+00:00,703405927253319680,Hierkaufich,"Cyber hack got access to over 700,000 IRS accounts: Updated tally more than doubles previous damage threa... https://t.co/taN6vIMQxd #USA",http://ln.is/www.usatoday.com/sto/7xMmg,https://twitter.com/Hierkaufich/status/703405927253319680
2016-02-27 02:26:54+00:00,703405920429019140,RohanAyyar90,"Cyber hack got access to over 700,000 IRS accounts: Updated tally more than doubles previous damage threat for... https://t.co/bgZeRtcNBr",http://usat.ly/1QM6EqJ,https://twitter.com/RohanAyyar90/status/703405920429019140
2016-02-27 02:26:52+00:00,703405912971616256,dailyEEUU,"Cyber hack got access to over 700,000 IRS accounts https://t.co/dA21SmxlxS #tech",http://dailyeeuu.tusueldo.com/1ejg,https://twitter.com/dailyEEUU/status/703405912971616256
2016-02-27 02:26:28+00:00,703405810269851648,LLinda91,"Cyber hack got access to over 700,000 IRS accounts https://t.co/AYgAeIK9Oq #usa #tech #news",http://usat.ly/1T2e9tM,https://twitter.com/LLinda91/status/703405810269851648
2016-02-27 02:26:26+00:00,703405803458265088,vinciiwilliams,"Cyber hack got access to over 700,000 IRS accounts: Updated tally more than doubles previous damage threat for... https://t.co/bmaI5K6aU0",http://usat.ly/1QM6EqJ,https://twitter.com/vinciiwilliams/status/703405803458265088
2016-02-27 02:26:26+00:00,703405800585166848,shelbylaneMD,"Cyber hack got access to over 700,000 IRS accounts: Updated tally more than doubles previous damage threat for... https://t.co/etn8CiAqOk",http://usat.ly/1QM6EqJ,https://twitter.com/shelbylaneMD/status/703405800585166848
2016-02-27 02:26:23+00:00,703405790153969664,buteraner,"Cyber hack got access to over 700,000 IRS accounts https://t.co/fTBEFIlZT6",http://cur.lv/vw1v7,https://twitter.com/buteraner/status/703405790153969664
2016-02-27 02:26:22+00:00,703405785603158016,joestiglic,"Cyber hack got access to over 700,000 IRS accounts: Updated tally more than doubles previous damage threat for... https://t.co/LsUcfhOYGg",http://usat.ly/1T2ea0U,https://twitter.com/joestiglic/status/703405785603158016
2016-02-27 02:26:22+00:00,703405783803801601,tdevelopments,"Cyber hack got access to over 700,000 IRS accounts: Updated tally more than doubles previous damage threat for... https://t.co/8T3kCoasDL",http://usat.ly/1T2e8WQ,https://twitter.com/tdevelopments/status/703405783803801601
2016-02-27 02:26:21+00:00,703405779760447488,jack_wealth,"Cyber hack got access to over 700,000 IRS accounts: Updated tally more than doubles previous damage threat for... https://t.co/gNEqE9Ejqc",http://usat.ly/1T2e8WK,https://twitter.com/jack_wealth/status/703405779760447488
2016-02-27 02:24:05+00:00,703405208945061888,lifelockreview,Cyber hack got access to over 700000 IRS accounts https://t.co/jNGIsszxi1,http://dlvr.it/Kd1ZKp,https://twitter.com/lifelockreview/status/703405208945061888
2016-02-27 02:15:19+00:00,703403002921496576,SandraFeinsmith,"Cyber hack got access to over 700,000 IRS accounts https://t.co/mRkJGjV5rn via usatoday",http://usat.ly/210cXq5,https://twitter.com/SandraFeinsmith/status/703403002921496576
2016-02-27 02:14:10+00:00,703402713296535552,grobbnz,"There's been a cyber hack of over 700,000 IRS tax returns. Maybe we can get those guys to give us Trump's tax returns?",,https://twitter.com/grobbnz/status/703402713296535552
2016-02-27 02:10:29+00:00,703401786619650048,TheKatyNews,"Cyber hack got access to over 700,000 IRS accounts https://t.co/7U8L0cusQl",http://fb.me/868EQP7aI,https://twitter.com/TheKatyNews/status/703401786619650048
2016-02-27 02:09:37+00:00,703401568486424576,luxonomy,"Cyber hack got access to over 700,000 IRS accounts https://t.co/LNJHpVZQEJ",http://goo.gl/fb/28oPYn,https://twitter.com/luxonomy/status/703401568486424576
2016-02-27 02:09:02+00:00,703401422017040385,AVocalistsRival,"Cyber hack gained access to more than 700,000 IRS accounts https://t.co/RJJKuFvGY4",http://a.msn.com/00/en-us/BBq3Edg?ocid=st,https://twitter.com/AVocalistsRival/status/703401422017040385
2016-02-27 02:07:50+00:00,703401119758704641,lifeoncoin,"Cyber hack got access to over 700,000 IRS accounts: Updated tally more than doubles previous damage threat for... https://t.co/MRxmOdjjuX",http://bit.ly/1n2Pnvy,https://twitter.com/lifeoncoin/status/703401119758704641
2016-02-27 02:07:17+00:00,703400984622579713,310enterprises,"‚úè Cyber hack got access to over 700,000 IRS accounts https://t.co/gIDHgD2RCd #310ei",http://usat.ly/1R8O6ev,https://twitter.com/310enterprises/status/703400984622579713
2016-02-27 02:02:37+00:00,703399807507947520,dubvNOW,"Cyber hack got access to over 700,000 IRS accounts - Updated tally more than doubles previous damage threat for... https://t.co/P9ZPNp23Id",http://ow.ly/3bNVEY,https://twitter.com/dubvNOW/status/703399807507947520
2016-02-27 02:01:36+00:00,703399552661983233,pcRepairsNow,"Cyber hack got access to over 700,000 IRS accounts - Updated tally more than doubles previous damage threat for... https://t.co/nglmqFBg7E",http://ht.ly/3bNVjP,https://twitter.com/pcRepairsNow/status/703399552661983233
2016-02-27 01:57:14+00:00,703398454546948096,johnmark19,"Cyber hack gained access to more than 700,000 IRS accounts https://t.co/4WILaIM0B4",http://a.msn.com/00/en-us/BBq3Edg?ocid=st,https://twitter.com/johnmark19/status/703398454546948096
2016-02-27 01:57:14+00:00,703398452298821632,mcglashanlaw,"Cyber hack gained access to more than 700,000 IRS accounts https://t.co/SHmpsOaF6O but Hillary's were fine!",http://a.msn.com/00/en-us/BBq3Edg?ocid=st,https://twitter.com/mcglashanlaw/status/703398452298821632
2016-02-27 01:54:04+00:00,703397656446500864,RIGB2266,Cyber hack got access to over 700000 IRS accounts - USA TODAY https://t.co/mPyyDUIsUW,http://goo.gl/fb/VrEyKt,https://twitter.com/RIGB2266/status/703397656446500864
2016-02-27 01:50:35+00:00,703396778700222464,EntGRCSolutions,"Thanks Gord Dugan for post Cyber hack gained access to more than 700,000 IRS accounts https://t.co/8FYilpv888",https://lnkd.in/ewxgiuN,https://twitter.com/EntGRCSolutions/status/703396778700222464
2016-02-27 01:45:05+00:00,703395397587353600,KHOU,"Cyber hack got access to over 700,000 #IRS accounts https://t.co/5vrPeKeq5o",http://on.khou.com/1RuhnTA,https://twitter.com/KHOU/status/703395397587353600
2016-02-27 01:40:42+00:00,703394293713489921,cjmona,"#money Cyber hack got access to over 700,000 IRS accounts  https://t.co/RxgGLIU5rP",http://goo.gl/YIfI3z,https://twitter.com/cjmona/status/703394293713489921
2016-02-27 01:40:34+00:00,703394259529912320,EmanueleCapurso,"#usa #news #money Cyber hack got access to over 700,000 IRS accounts: Updated tally more th... https://t.co/uDoq3PmavH #Economy #Business",http://usat.ly/1R8Lj5b,https://twitter.com/EmanueleCapurso/status/703394259529912320
2016-02-27 01:40:33+00:00,703394256895942657,LLinda91,"Cyber hack got access to over 700,000 IRS accounts https://t.co/5xx1gceicE #usa #money",http://usat.ly/1R8LgGo,https://twitter.com/LLinda91/status/703394256895942657
2016-02-27 01:40:33+00:00,703394254605783041,vinciiwilliams,"#BLG Cyber hack got access to over 700,000 IRS accounts: Updated tally more than doubles previous damage threa... https://t.co/AHh1RpdU9g",http://usat.ly/1n2Hqq6,https://twitter.com/vinciiwilliams/status/703394254605783041
2016-02-27 01:40:31+00:00,703394245147648001,shelbylaneMD,"Cyber hack got access to over 700,000 IRS accounts: Updated tally more than doubles previous damage threat for... https://t.co/sLK2AyoOOJ",http://usat.ly/1n2Hqq6,https://twitter.com/shelbylaneMD/status/703394245147648001
2016-02-27 01:40:26+00:00,703394226206175233,LeMa2Go,"Cyber hack got access to over 700,000 IRS accounts: Updated tally more than doubles previous damage threat for U.S. taxpayers",,https://twitter.com/LeMa2Go/status/703394226206175233
2016-02-27 01:40:26+00:00,703394223698026496,afabbiano,"Cyber hack got access to over 700,000 IRS accounts: Updated tally more than doubles previous damage threat for... https://t.co/ZAWKO3cSGV",http://usat.ly/1n2Hqq6,https://twitter.com/afabbiano/status/703394223698026496
2016-02-27 01:40:23+00:00,703394213438697473,deejayiwan,"Cyber hack got access to over 700,000 IRS accounts: Updated tally more than doubles previous damage threat for... https://t.co/2hIy7sisMr",http://usat.ly/1n2Hqq6,https://twitter.com/deejayiwan/status/703394213438697473
2016-02-27 01:40:23+00:00,703394211375124480,financial_team,"Cyber hack got access to over 700,000 IRS accounts: Updated tally more than doubles previous damage threat for... https://t.co/UI7Cj5euGM",http://usat.ly/1R8LihI,https://twitter.com/financial_team/status/703394211375124480
2016-02-27 01:40:18+00:00,703394193343811584,Tokyojo777,"Cyber hack got access to over 700,000 IRS accounts: Updated tally more than doubles previous damage threat for... https://t.co/wDNrwCpTLq",http://usat.ly/1n2Hqq6,https://twitter.com/Tokyojo777/status/703394193343811584
2016-02-27 01:40:16+00:00,703394184422535168,tuitPoliticsUS,"Cyber hack got access to over 700,000 IRS accounts https://t.co/VhmbGDWT13 #news",http://politics.tusueldo.com/nZg,https://twitter.com/tuitPoliticsUS/status/703394184422535168
2016-02-27 01:39:54+00:00,703394090818392065,upg_net,"Cyber hack gained access to more than 700,000 IRS accounts https://t.co/eyxAwlOulu",,https://twitter.com/upg_net/status/703394090818392065
2016-02-27 01:39:21+00:00,703393954180567040,richpatient,"700,000 IRS accounts compromised in cyber hack - USA TODAY https://t.co/a7LxZUW8hF",https://apple.news/Aeqah_93qOFS3x7P7MaDCIg,https://twitter.com/richpatient/status/703393954180567040
2016-02-27 01:37:29+00:00,703393485106212865,arihantk,"Cyber hack gained access to more than 700,000 IRS accounts

 https://t.co/X4FLODdmUn https://t.co/NszzcaK61x",http://a.msn.com/r/2/BBq3Edg,https://twitter.com/arihantk/status/703393485106212865
2016-02-27 01:37:01+00:00,703393365006614528,GenesysInd,"Cyber hack got access to over 700,000 IRS accounts https://t.co/OixMxZzbMw",http://usat.ly/210cXq5,https://twitter.com/GenesysInd/status/703393365006614528
2016-02-27 01:35:24+00:00,703392959954292736,Brad_Dawson72,"Cyber hack got access to over 700,000 IRS accounts https://t.co/OG6gx9LlDs via @USATODAY",http://usat.ly/210cXq5,https://twitter.com/Brad_Dawson72/status/703392959954292736
2016-02-27 01:34:43+00:00,703392786222030848,itassessors,"A cyber hack of the IRS potentially exposed over 700K taxpayer accounts, more than double the previous estimate https://t.co/G5GA6VzKh0",http://usat.ly/1Qj2QLG,https://twitter.com/itassessors/status/703392786222030848
2016-02-27 01:26:40+00:00,703390760369053732,milesandr,"Cyber hack gained access to more than 700,000 IRS accounts https://t.co/54bk7NfC0B",http://a.msn.com/00/en-us/BBq3Edg?ocid=st,https://twitter.com/milesandr/status/703390760369053732
2016-02-27 01:26:01+00:00,703390598326325250,USATODAYmoney,"A cyber hack of the IRS potentially exposed over 700K taxpayer accounts, more than double the previous estimate https://t.co/wRwAlMbXWL",http://usat.ly/1Qj2QLG,https://twitter.com/USATODAYmoney/status/703390598326325250
2016-02-27 01:25:32+00:00,703390477089812480,DorothyLamar,"Cyber hack got access to over 700,000 IRS accounts: Updated tally more than doubles previous damage threat for U.S. taxpayers",,https://twitter.com/DorothyLamar/status/703390477089812480
2016-02-27 01:24:29+00:00,703390212924125184,IICRCInstructor,"Cyber hack got access to over 700,000 IRS accounts https://t.co/jvhlSkcfns via @USATODAY",http://usat.ly/210cXq5,https://twitter.com/IICRCInstructor/status/703390212924125184
2016-02-27 01:22:13+00:00,703389639827021828,taxmOuth,Cyber hack gained access to more than 700000 IRS accounts - USA TODAY https://t.co/HJx1hzLPPd #tax #taxes,http://bit.ly/21ollFF,https://twitter.com/taxmOuth/status/703389639827021828
2016-02-27 01:19:55+00:00,703389062581886977,brianspann1,"Cyber hack gained access to more than 700,000 IRS accounts https://t.co/ykAbx2tWDd",http://a.msn.com/00/en-us/BBq3Edg?ocid=st,https://twitter.com/brianspann1/status/703389062581886977
2016-02-27 01:16:47+00:00,703388274547675136,lastmango5,"Cyber hack gained access to more than 700,000 IRS accounts https://t.co/m0neUCXnnH",http://a.msn.com/00/en-us/BBq3Edg?ocid=st,https://twitter.com/lastmango5/status/703388274547675136
2016-02-27 01:16:32+00:00,703388210211082240,OdelleAmos,"Cyber hack got access to over 700,000 IRS¬†accounts https://t.co/fSZXNzzaid https://t.co/IK0JWRNBsH",http://bit.ly/1RufiXR,https://twitter.com/OdelleAmos/status/703388210211082240
2016-02-27 01:13:45+00:00,703387510756343810,judithconsult,"#Breach again! Cyber hack gained access to more than 700,000 IRS accounts.#Hipaajal  https://t.co/3RgzdWVbs1",http://www.usatoday.com/story/money/2016/02/26/cyber-hack-gained-access-more-than-700000-irs-accounts/80992822/,https://twitter.com/judithconsult/status/703387510756343810
2016-02-27 01:11:59+00:00,703387064126062592,ufsguy,"Cyber hack got access to over 700,000 IRS accounts: Updated tally more than doubles previous damage threat for... https://t.co/mnv2JkvaFR",http://usat.ly/1n2Hqq6,https://twitter.com/ufsguy/status/703387064126062592
2016-02-27 01:08:46+00:00,703386256319844352,usatodaytech,"Cyber hack gained access to more than 700,000 IRS accounts https://t.co/mWCXmiqp37",http://www.usatoday.com/story/money/2016/02/26/cyber-hack-gained-access-more-than-700000-irs-accounts/80992822/,https://twitter.com/usatodaytech/status/703386256319844352
2016-02-27 01:07:42+00:00,703385987037204480,MichaelHugg2591,"Cyber hack gained access to more than 700,000 IRS accounts https://t.co/QVvBLzHhHE",http://www.usatoday.com/story/money/2016/02/26/cyber-hack-gained-access-more-than-700000-irs-accounts/80992822/,https://twitter.com/MichaelHugg2591/status/703385987037204480
2016-02-27 01:03:27+00:00,703384917506445313,Pattisalamone,"Cyber hack gained access to more than 700,000 IRS accounts https://t.co/RGTZ5ECvbu",http://a.msn.com/00/en-us/BBq3Edg?ocid=st,https://twitter.com/Pattisalamone/status/703384917506445313
2016-02-27 01:01:56+00:00,703384535254208512,markinjax,"https://t.co/57UZEpPThf - Cyber hack gained access to more than 700,000 IRS accounts https://t.co/7Z77IfCs9b",http://www.sellersclickhere.com http://a.msn.com/00/en-us/BBq3Edg?ocid=st,https://twitter.com/markinjax/status/703384535254208512
2016-02-27 00:55:41+00:00,703382962637774848,tall_guy007,"Cyber hack gained access to more than 700,000 IRS accounts https://t.co/oiuntsDICl",http://a.msn.com/00/en-us/BBq3Edg?ocid=st,https://twitter.com/tall_guy007/status/703382962637774848
2016-02-27 00:55:06+00:00,703382816386584576,Tax2Strategist,"Cyber hack gained access to more than 700,000 IRS accounts https://t.co/3P8Dq5Mka3",http://a.msn.com/00/en-us/BBq3Edg?ocid=st,https://twitter.com/Tax2Strategist/status/703382816386584576
2016-02-27 00:54:32+00:00,703382675340566528,SportsTaxMan,"Cyber hack gained access to more than 700,000 #IRS accounts https://t.co/Gauu0Wyz5D",http://a.msn.com/00/en-us/BBq3Edg?ocid=st,https://twitter.com/SportsTaxMan/status/703382675340566528
2016-02-27 00:42:30+00:00,703379647094984705,wannabefree1,"Cyber hack gained access to more than 700,000 IRS accounts https://t.co/t6pTUPEhxD",http://a.msn.com/00/en-us/BBq3Edg?ocid=st,https://twitter.com/wannabefree1/status/703379647094984705
2016-02-27 00:41:00+00:00,703379267816693760,jakeshasmom,"Cyber hack gained access to more than 700,000 IRS accounts https://t.co/uxLreQBxDD",http://a.msn.com/00/en-us/BBq3Edg?ocid=st,https://twitter.com/jakeshasmom/status/703379267816693760
2016-02-27 00:36:48+00:00,703378211829198848,byourb2,"Cyber hack gained access to more than 700,000 IRS accounts https://t.co/NfB8Pu4vaA",http://a.msn.com/00/en-us/BBq3Edg?ocid=st#forgivealldebtunder$500.00,https://twitter.com/byourb2/status/703378211829198848
2016-02-27 00:35:32+00:00,703377893334732801,byourb2,"Cyber hack gained access to more than 700,000 IRS accounts https://t.co/mB0bFpAZqL",http://a.msn.com/00/en-us/BBq3Edg?ocid=actvllundrsrvnlclwys,https://twitter.com/byourb2/status/703377893334732801
2016-02-27 00:32:39+00:00,703377167317487616,byourb2,"Cyber hack gained access to more than 700,000 IRS accounts https://t.co/KYIYplyuAO",http://a.msn.com/00/en-us/BBq3Edg?ocid=st##tktllfflnnlckcd,https://twitter.com/byourb2/status/703377167317487616
2016-02-27 00:32:23+00:00,703377101014102016,DABIGGAL2324,"Cyber hack gained access to more than 700,000 IRS accounts https://t.co/cGvuOhc9iU",http://a.msn.com/00/en-us/BBq3Edg?ocid=st,https://twitter.com/DABIGGAL2324/status/703377101014102016
2016-02-27 00:32:19+00:00,703377082017935360,EsmeraldaMollin,"Cyber hack gained access to more than 700,000 IRS accounts https://t.co/MTpGDXnz48",http://a.msn.com/00/en-us/BBq3Edg?ocid=st,https://twitter.com/EsmeraldaMollin/status/703377082017935360
2016-02-27 00:31:40+00:00,703376918230355968,avetcpa,"Cyber hack gained access to more than 700,000 IRS accounts https://t.co/k84y8877YP",http://a.msn.com/00/en-us/BBq3Edg?ocid=st,https://twitter.com/avetcpa/status/703376918230355968
2016-02-27 00:23:27+00:00,703374852908933120,RobertMyles,"Cyber hack gained access to more than 700,000 IRS accounts https://t.co/1AgJrJvOj4",http://usat.ly/210cXq5,https://twitter.com/RobertMyles/status/703374852908933120
2016-02-27 00:19:34+00:00,703373874516389888,BGSInvestigates,"Cyber hack gained access to more than 700,000 IRS accounts https://t.co/TGMogtySie",http://a.msn.com/00/en-us/BBq3Edg?ocid=st,https://twitter.com/BGSInvestigates/status/703373874516389888
2016-02-27 00:19:05+00:00,703373752034304004,chetbtester,"Cyber hack gained access to more than 700,000 IRS accounts https://t.co/aMSDTYaJ5A",http://a.msn.com/00/en-us/BBq3Edg?ocid=st,https://twitter.com/chetbtester/status/703373752034304004
2016-02-27 00:17:30+00:00,703373353835479040,JeffreyGSmith,"Cyber hack gained access to more than 700,000 IRS accounts https://t.co/ZBM9w27Sn5 via @USATODAY",http://usat.ly/210cXq5,https://twitter.com/JeffreyGSmith/status/703373353835479040
